#START7777
# YYMMDDHHMI   STN    WD1    WS1    WDS    WSS   WD10   WS10     TA     RE RN-15m RN-60m RN-12H RN-DAY     HM     PA     PS     TD
#        KST    ID    deg    m/s    deg    m/s    deg    m/s      C      1     mm     mm     mm     mm      %    hPa    hPa     C
202607220001   763  278.0    0.2  270.2    0.7  285.5    0.4   27.1  -99.9    0.0    0.0    0.0    0.0   89.5 1004.2 1008.5   25.2
202607220002   763    0.0    0.0  250.5    0.0  286.1    0.3   27.1  -99.9    0.0    0.0    0.0    0.0   89.4 1004.2 1008.5   25.2
202607220003   763  288.3    0.8  287.1    2.0  285.3    0.3   27.1  -99.9    0.0    0.0    0.0    0.0   89.4 1004.2 1008.5   25.2
202607220004   763  240.8    1.1  258.8    1.9  279.2    0.4   27.1  -99.9    0.0    0.0    0.0    0.0   89.1 1004.2 1008.5   25.2
202607220005   763  243.9    0.3  219.5    0.8  273.4    0.4   27.1  -99.9    0.0    0.0    0.0    0.0   88.9 1004.2 1008.5   25.1
202607220006   763    0.0    0.0  292.7    0.0  275.5    0.3   27.1  -99.9    0.0    0.0    0.0    0.0   88.8 1004.2 1008.5   25.1
202607220007   763  303.1    0.0  270.2    0.0  269.2    0.3   27.1  -99.9    0.0    0.0    0.0    0.0   88.9 1004.2 1008.5   25.1
202607220008   763  268.7    0.4  205.5    1.0  269.1    0.3   27.1  -99.9    0.0    0.0    0.0    0.0   88.5 1004.1 1008.4   25.0
202607220009   763  314.6    0.1  191.3    0.7  275.5    0.3   27.2  -99.9    0.0    0.0    0.0    0.0   88.2 1004.1 1008.4   25.1
202607220010   763    0.0    0.0  357.5    0.0  272.2    0.3   27.2  -99.9    0.0    0.0    0.0    0.0   88.0 1004.1 1008.4   25.0
202607220011   763  306.3    0.1  247.6    0.8  277.2    0.3   27.3  -99.9    0.0    0.0    0.0    0.0   87.8 1004.1 1008.4   25.1
202607220012   763    0.0    0.0  323.7    0.0  277.2    0.3   27.3  -99.9    0.0    0.0    0.0    0.0   87.7 1004.2 1008.5   25.1
202607220013   763  278.9    0.5  247.6    1.2  275.4    0.3   27.3  -99.9    0.0    0.0    0.0    0.0   87.8 1004.1 1008.4   25.1
202607220014   763  303.4    0.2  264.6    0.7  286.3    0.2   27.3  -99.9    0.0    0.0    0.0    0.0   87.5 1004.1 1008.4   25.0
202607220015   763  301.6    0.1  334.8    0.6  295.7    0.1   27.3  -99.9    0.0    0.0    0.0    0.0   87.1 1004.1 1008.4   25.0
202607220016   763  303.2    0.1  261.7    0.6  296.8    0.2   27.3  -99.9    0.0    0.0    0.0    0.0   86.8 1004.1 1008.4   24.9
202607220017   763    0.0    0.0  250.5    0.0  296.8    0.2   27.4  -99.9    0.0    0.0    0.0    0.0   86.4 1004.1 1008.4   24.9
202607220018   763  281.1    0.4  287.1    1.3  298.5    0.2   27.4  -99.9    0.0    0.0    0.0    0.0   86.4 1004.1 1008.4   24.9
202607220019   763  326.2    0.1  182.8    0.8  300.1    0.2   27.4  -99.9    0.0    0.0    0.0    0.0   86.4 1004.1 1008.4   24.9
202607220020   763  311.1    0.1  278.6    0.3  301.5    0.2   27.4  -99.9    0.0    0.0    0.0    0.0   86.5 1004.2 1008.5   24.9
202607220021   763  299.6    0.3  180.0    1.3  300.6    0.2   27.4  -99.9    0.0    0.0    0.0    0.0   86.2 1004.2 1008.5   24.9
202607220022   763  307.0    0.2  278.6    1.0  301.4    0.2   27.4  -99.9    0.0    0.0    0.0    0.0   86.1 1004.2 1008.5   24.9
202607220023   763  295.3    0.5  225.1    1.1  303.2    0.2   27.4  -99.9    0.0    0.0    0.0    0.0   86.0 1004.2 1008.5   24.9
202607220024   763  256.7    0.9  188.6    3.1  298.3    0.3   27.4  -99.9    0.0    0.0    0.0    0.0   86.0 1004.2 1008.5   24.9
202607220025   763  242.4    1.6  213.8    3.1  292.0    0.4   27.4  -99.9    0.0    0.0    0.0    0.0   85.2 1004.2 1008.5   24.7
202607220026   763  251.6    1.0  247.6    2.2  286.0    0.5   27.5  -99.9    0.0    0.0    0.0    0.0   84.6 1004.2 1008.5   24.7
202607220027   763  271.6    0.9  267.3    1.6  284.4    0.6   27.6  -99.9    0.0    0.0    0.0    0.0   84.3 1004.2 1008.5   24.7
202607220028   763  281.1    0.4  247.6    1.4  284.4    0.6   27.6  -99.9    0.0    0.0    0.0    0.0   84.1 1004.2 1008.5   24.7
202607220029   763  214.7    0.9  244.8    2.6  273.8    0.7   27.6  -99.9    0.0    0.0    0.0    0.0   83.9 1004.2 1008.5   24.6
202607220030   763  287.8    0.1  304.0    0.7  271.4    0.7   27.6  -99.9    0.0    0.0    0.0    0.0   83.9 1004.2 1008.5   24.6
202607220031   763  308.2    0.1  304.0    0.7  272.2    0.7   27.6  -99.9    0.0    0.0    0.0    0.0   84.0 1004.2 1008.5   24.7
202607220032   763  299.8    0.2  278.6    1.1  271.5    0.7   27.6  -99.9    0.0    0.0    0.0    0.0   84.1 1004.2 1008.5   24.7
202607220033   763  322.6    0.0  329.2    0.0  268.6    0.6   27.6  -99.9    0.0    0.0    0.0    0.0   84.2 1004.2 1008.5   24.7
202607220034   763  310.7    0.1  312.3    0.3  275.1    0.5   27.6  -99.9    0.0    0.0    0.0    0.0   84.3 1004.2 1008.5   24.7
202607220035   763  264.1    0.5  244.8    1.4  277.6    0.4   27.6  -99.9    0.0    0.0    0.0    0.0   84.1 1004.2 1008.5   24.7
202607220036   763  230.8    0.7  222.3    1.3  275.5    0.4   27.6  -99.9    0.0    0.0    0.0    0.0   84.2 1004.2 1008.5   24.7
202607220037   763  297.5    0.0  225.1    0.4  276.1    0.3   27.6  -99.9    0.0    0.0    0.0    0.0   84.1 1004.2 1008.5   24.7
202607220038   763    0.0    0.0  275.7    0.0  275.2    0.3   27.5  -99.9    0.0    0.0    0.0    0.0   84.5 1004.2 1008.5   24.7
202607220039   763  321.6    0.0  228.0    0.1  284.6    0.2   27.5  -99.9    0.0    0.0    0.0    0.0   84.7 1004.2 1008.5   24.7
202607220040   763  306.1    0.0  275.7    0.2  283.9    0.2   27.5  -99.9    0.0    0.0    0.0    0.0   84.9 1004.2 1008.5   24.7
202607220041   763    0.0    0.0  247.6    0.0  277.0    0.2   27.4  -99.9    0.0    0.0    0.0    0.0   85.0 1004.2 1008.5   24.7
202607220042   763  305.8    0.2  304.0    0.7  278.6    0.2   27.4  -99.9    0.0    0.0    0.0    0.0   85.0 1004.2 1008.5   24.7
202607220043   763    0.0    0.0  264.6    0.0  278.6    0.2   27.4  -99.9    0.0    0.0    0.0    0.0   85.0 1004.2 1008.5   24.7
202607220044   763  320.1    0.0  326.5    0.2  266.7    0.1   27.4  -99.9    0.0    0.0    0.0    0.0   84.8 1004.2 1008.5   24.6
202607220045   763  304.1    0.0  284.2    0.3  268.3    0.1   27.4  -99.9    0.0    0.0    0.0    0.0   85.0 1004.2 1008.5   24.7
202607220046   763  335.3    0.0  337.7    0.1  305.8    0.0   27.4  -99.9    0.0    0.0    0.0    0.0   85.2 1004.2 1008.5   24.7
202607220047   763    0.0    0.0  270.2    0.0  305.8    0.0   27.4  -99.9    0.0    0.0    0.0    0.0   85.6 1004.2 1008.5   24.8
202607220048   763  321.9    0.0  287.1    0.1  305.8    0.0   27.3  -99.9    0.0    0.0    0.0    0.0   85.9 1004.2 1008.5   24.7
202607220049   763    0.0    0.0  295.5    0.0  305.8    0.0   27.3  -99.9    0.0    0.0    0.0    0.0   86.2 1004.2 1008.5   24.8
202607220050   763  268.2    0.1  261.7    0.5  287.0    0.0   27.3  -99.9    0.0    0.0    0.0    0.0   86.4 1004.2 1008.5   24.8
202607220051   763  292.7    0.0  264.6    0.2  287.0    0.0   27.3  -99.9    0.0    0.0    0.0    0.0   86.3 1004.2 1008.5   24.8
202607220052   763    0.0    0.0  318.0    0.0  268.2    0.0   27.3  -99.9    0.0    0.0    0.0    0.0   86.5 1004.2 1008.5   24.9
202607220053   763    0.0    0.0  264.6    0.0  268.2    0.0   27.2  -99.9    0.0    0.0    0.0    0.0   86.6 1004.2 1008.5   24.8
202607220054   763    0.0    0.0  346.2    0.0  268.2    0.0   27.2  -99.9    0.0    0.0    0.0    0.0   86.6 1004.2 1008.5   24.8
202607220055   763    0.0    0.0  278.6    0.0  268.2    0.0   27.2  -99.9    0.0    0.0    0.0    0.0   86.8 1004.2 1008.5   24.8
202607220056   763  300.2    0.0  233.6    0.1  268.2    0.0   27.2  -99.9    0.0    0.0    0.0    0.0   86.9 1004.2 1008.5   24.8
202607220057   763    0.0    0.0  346.2    0.0  268.2    0.0   27.2  -99.9    0.0    0.0    0.0    0.0   87.0 1004.2 1008.5   24.8
202607220058   763    0.0    0.0  354.6    0.0  268.2    0.0   27.2  -99.9    0.0    0.0    0.0    0.0   87.0 1004.2 1008.5   24.8
202607220059   763    0.0    0.0  354.6    0.0  268.2    0.0   27.1  -99.9    0.0    0.0    0.0    0.0   87.1 1004.2 1008.5   24.8
202607220100   763    0.0    0.0  349.0    0.0    0.0    0.0   27.1  -99.9    0.0    0.0    0.0    0.0   87.3 1004.2 1008.5   24.8
202607220101   763  313.5    0.0  230.0    0.0    0.0    0.0   27.1  -99.9    0.0    0.0    0.0    0.0   87.3 1004.2 1008.5   24.8
202607220102   763    0.0    0.0  315.2    0.0    0.0    0.0   27.2  -99.9    0.0    0.0    0.0    0.0   87.3 1004.2 1008.5   24.9
202607220103   763    0.0    0.0  357.5    0.0    0.0    0.0   27.2  -99.9    0.0    0.0    0.0    0.0   87.1 1004.2 1008.5   24.9
202607220104   763    0.0    0.0  349.0    0.0    0.0    0.0   27.2  -99.9    0.0    0.0    0.0    0.0   87.3 1004.2 1008.5   24.9
202607220105   763    0.0    0.0  357.5    0.0    0.0    0.0   27.2  -99.9    0.0    0.0    0.0    0.0   87.2 1004.2 1008.5   24.9
202607220106   763    0.0    0.0  354.6    0.0    0.0    0.0   27.2  -99.9    0.0    0.0    0.0    0.0   87.2 1004.2 1008.5   24.9
202607220107   763    0.0    0.0  312.3    0.0    0.0    0.0   27.2  -99.9    0.0    0.0    0.0    0.0   87.3 1004.2 1008.5   24.9
202607220108   763    0.0    0.0  337.7    0.0    0.0    0.0   27.1  -99.9    0.0    0.0    0.0    0.0   87.5 1004.2 1008.5   24.8
202607220109   763    0.0    0.0  343.3    0.0    0.0    0.0   27.1  -99.9    0.0    0.0    0.0    0.0   87.4 1004.2 1008.5   24.8
202607220110   763    0.0    0.0  349.0    0.0    0.0    0.0   27.1  -99.9    0.0    0.0    0.0    0.0   87.3 1004.2 1008.5   24.8
202607220111   763    0.0    0.0  306.7    0.0    0.0    0.0   27.1  -99.9    0.0    0.0    0.0    0.0   87.4 1004.2 1008.5   24.8
202607220112   763  307.2    0.0  258.8    0.1    0.0    0.0   27.1  -99.9    0.0    0.0    0.0    0.0   87.6 1004.2 1008.5   24.9
202607220113   763    0.0    0.0  315.2    0.0    0.0    0.0   27.1  -99.9    0.0    0.0    0.0    0.0   87.8 1004.1 1008.4   24.9
202607220114   763    0.0    0.0  292.7    0.0    0.0    0.0   27.1  -99.9    0.0    0.0    0.0    0.0   87.9 1004.1 1008.4   24.9
202607220115   763    0.0    0.0  346.2    0.0    0.0    0.0   27.1  -99.9    0.0    0.0    0.0    0.0   88.0 1004.1 1008.4   24.9
202607220116   763    0.0    0.0  315.2    0.0    0.0    0.0   27.1  -99.9    0.0    0.0    0.0    0.0   88.0 1004.1 1008.4   24.9
202607220117   763    0.0    0.0  292.7    0.0    0.0    0.0   27.1  -99.9    0.0    0.0    0.0    0.0   88.1 1004.2 1008.5   25.0
202607220118   763    0.0    0.0  306.7    0.0    0.0    0.0   27.1  -99.9    0.0    0.0    0.0    0.0   88.0 1004.2 1008.5   24.9
202607220119   763    0.0    0.0  357.5    0.0    0.0    0.0   27.1  -99.9    0.0    0.0    0.0    0.0   88.0 1004.2 1008.5   24.9
202607220120   763    0.0    0.0  334.8    0.0    0.0    0.0   27.1  -99.9    0.0    0.0    0.0    0.0   88.0 1004.2 1008.5   24.9
202607220121   763    0.0    0.0  334.8    0.0    0.0    0.0   27.1  -99.9    0.0    0.0    0.0    0.0   88.1 1004.2 1008.5   25.0
202607220122   763    0.0    0.0  351.7    0.0    0.0    0.0   27.1  -99.9    0.0    0.0    0.0    0.0   88.1 1004.2 1008.5   25.0
202607220123   763    0.0    0.0  357.5    0.0    0.0    0.0   27.1  -99.9    0.0    0.0    0.0    0.0   88.2 1004.2 1008.5   25.0
202607220124   763    0.0    0.0  340.6    0.0    0.0    0.0   27.1  -99.9    0.0    0.0    0.0    0.0   88.2 1004.2 1008.5   25.0
202607220125   763    0.0    0.0  326.5    0.0    0.0    0.0   27.1  -99.9    0.0    0.0    0.0    0.0   88.4 1004.2 1008.5   25.0
202607220126   763    0.0    0.0  323.7    0.0    0.0    0.0   27.1  -99.9    0.0    0.0    0.0    0.0   88.4 1004.2 1008.5   25.0
202607220127   763    0.0    0.0  357.5    0.0    0.0    0.0   27.1  -99.9    0.0    0.0    0.0    0.0   88.4 1004.2 1008.5   25.0
202607220128   763    0.0    0.0  354.6    0.0    0.0    0.0   27.1  -99.9    0.0    0.0    0.0    0.0   88.4 1004.2 1008.5   25.0
202607220129   763    0.0    0.0  349.0    0.0    0.0    0.0   27.1  -99.9    0.0    0.0    0.0    0.0   88.3 1004.2 1008.5   25.0
202607220130   763    0.0    0.0  357.5    0.0    0.0    0.0   27.1  -99.9    0.0    0.0    0.0    0.0   88.3 1004.2 1008.5   25.0
202607220131   763    0.0    0.0  354.6    0.0    0.0    0.0   27.1  -99.9    0.0    0.0    0.0    0.0   88.4 1004.2 1008.5   25.0
202607220132   763    0.0    0.0  326.5    0.0    0.0    0.0   27.1  -99.9    0.0    0.0    0.0    0.0   88.5 1004.2 1008.5   25.0
202607220133   763    0.0    0.0  357.5    0.0    0.0    0.0   27.1  -99.9    0.0    0.0    0.0    0.0   88.6 1004.2 1008.5   25.1
202607220134   763    0.0    0.0  315.2    0.0    0.0    0.0   27.1  -99.9    0.0    0.0    0.0    0.0   88.6 1004.1 1008.4   25.1
202607220135   763    0.0    0.0  349.0    0.0    0.0    0.0   27.1  -99.9    0.0    0.0    0.0    0.0   88.6 1004.1 1008.4   25.1
202607220136   763  310.2    0.2  275.7    0.8  310.2    0.0   27.1  -99.9    0.0    0.0    0.0    0.0   88.6 1004.1 1008.4   25.1
202607220137   763    0.0    0.0  349.0    0.0  310.2    0.0   27.1  -99.9    0.0    0.0    0.0    0.0   88.6 1004.1 1008.4   25.1
202607220138   763    0.0    0.0  349.0    0.0  310.2    0.0   27.1  -99.9    0.0    0.0    0.0    0.0   88.8 1004.1 1008.4   25.1
202607220139   763    0.0    0.0  323.7    0.0  310.2    0.0   27.1  -99.9    0.0    0.0    0.0    0.0   88.8 1004.1 1008.4   25.1
202607220140   763    0.0    0.0  320.8    0.0  310.2    0.0   27.1  -99.9    0.0    0.0    0.0    0.0   88.9 1004.1 1008.4   25.1
202607220141   763  312.4    0.0  281.5    0.0  310.2    0.0   27.1  -99.9    0.0    0.0    0.0    0.0   89.0 1004.1 1008.4   25.1
202607220142   763  314.2    0.0  284.2    0.2  310.2    0.0   27.1  -99.9    0.0    0.0    0.0    0.0   89.1 1004.1 1008.4   25.2
202607220143   763    0.0    0.0  315.2    0.0  310.2    0.0   27.1  -99.9    0.0    0.0    0.0    0.0   89.0 1004.0 1008.3   25.1
202607220144   763    0.0    0.0  306.7    0.0  310.2    0.0   27.1  -99.9    0.0    0.0    0.0    0.0   89.0 1004.1 1008.4   25.1
202607220145   763    0.0    0.0  318.0    0.0  310.2    0.0   27.1  -99.9    0.0    0.0    0.0    0.0   89.0 1004.1 1008.4   25.1
202607220146   763    0.0    0.0  332.1    0.0    0.0    0.0   27.1  -99.9    0.0    0.0    0.0    0.0   89.0 1004.1 1008.4   25.1
202607220147   763    0.0    0.0  318.0    0.0    0.0    0.0   27.1  -99.9    0.0    0.0    0.0    0.0   89.1 1004.0 1008.3   25.2
202607220148   763    0.0    0.0  349.0    0.0    0.0    0.0   27.0  -99.9    0.0    0.0    0.0    0.0   89.2 1004.0 1008.3   25.1
202607220149   763    0.0    0.0  329.2    0.0    0.0    0.0   27.0  -99.9    0.0    0.0    0.0    0.0   89.4 1004.0 1008.3   25.1
202607220150   763    0.0    0.0  346.2    0.0    0.0    0.0   27.0  -99.9    0.0    0.0    0.0    0.0   89.4 1004.0 1008.3   25.1
202607220151   763    0.0    0.0  349.0    0.0    0.0    0.0   27.0  -99.9    0.0    0.0    0.0    0.0   89.5 1004.0 1008.3   25.1
202607220152   763  339.5    0.0  301.2    0.2    0.0    0.0   27.0  -99.9    0.0    0.0    0.0    0.0   89.5 1004.0 1008.3   25.1
202607220153   763    0.0    0.0  337.7    0.0    0.0    0.0   27.0  -99.9    0.0    0.0    0.0    0.0   89.6 1004.0 1008.3   25.1
202607220154   763    0.0    0.0  326.5    0.0    0.0    0.0   27.0  -99.9    0.0    0.0    0.0    0.0   89.7 1004.0 1008.3   25.2
202607220155   763    0.0    0.0  332.1    0.0    0.0    0.0   27.0  -99.9    0.0    0.0    0.0    0.0   89.7 1004.0 1008.3   25.2
202607220156   763  314.0    0.0  191.3    0.3    0.0    0.0   27.0  -99.9    0.0    0.0    0.0    0.0   89.8 1004.0 1008.3   25.2
202607220157   763    0.0    0.0  298.2    0.0    0.0    0.0   27.0  -99.9    0.0    0.0    0.0    0.0   89.7 1004.0 1008.3   25.2
202607220158   763    0.0    0.0  337.7    0.0    0.0    0.0   27.0  -99.9    0.0    0.0    0.0    0.0   89.6 1004.0 1008.3   25.1
202607220159   763  311.5    0.1  253.3    0.8  311.5    0.0   27.0  -99.9    0.0    0.0    0.0    0.0   89.5 1004.0 1008.3   25.1
202607220200   763    0.0    0.0  304.0    0.0  311.5    0.0   27.0  -99.9    0.0    0.0    0.0    0.0   89.4 1004.0 1008.3   25.1
202607220201   763    0.0    0.0  354.6    0.0  311.5    0.0   27.0  -99.9    0.0    0.0    0.0    0.0   89.3 1004.0 1008.3   25.1
202607220202   763    0.0    0.0  351.7    0.0  311.5    0.0   27.0  -99.9    0.0    0.0    0.0    0.0   89.3 1004.0 1008.3   25.1
202607220203   763    0.0    0.0  349.0    0.0  311.5    0.0   27.0  -99.9    0.0    0.0    0.0    0.0   89.3 1004.0 1008.3   25.1
202607220204   763    0.0    0.0  337.7    0.0  311.5    0.0   27.0  -99.9    0.0    0.0    0.0    0.0   89.3 1004.0 1008.3   25.1
202607220205   763    0.0    0.0  346.2    0.0  311.5    0.0   27.0  -99.9    0.0    0.0    0.0    0.0   89.4 1004.0 1008.3   25.1
202607220206   763    0.0    0.0  343.3    0.0  311.5    0.0   27.0  -99.9    0.0    0.0    0.0    0.0   89.4 1004.0 1008.3   25.1
202607220207   763    0.0    0.0  334.8    0.0  311.5    0.0   27.0  -99.9    0.0    0.0    0.0    0.0   89.5 1004.0 1008.3   25.1
202607220208   763  336.9    0.0  182.8    0.2  311.5    0.0   27.0  -99.9    0.0    0.0    0.0    0.0   89.5 1004.0 1008.3   25.1
202607220209   763  270.7    0.3  222.3    0.9  270.7    0.0   27.0  -99.9    0.0    0.0    0.0    0.0   89.5 1004.0 1008.3   25.1
202607220210   763  314.4    0.1  247.6    0.3  292.6    0.0   27.0  -99.9    0.0    0.0    0.0    0.0   89.5 1004.0 1008.3   25.1
202607220211   763  319.6    0.0  320.8    0.3  292.6    0.0   27.0  -99.9    0.0    0.0    0.0    0.0   89.7 1004.0 1008.3   25.2
202607220212   763  343.2    0.0  287.1    0.0  292.6    0.0   26.9  -99.9    0.0    0.0    0.0    0.0   89.9 1004.0 1008.3   25.1
202607220213   763    0.0    0.0  337.7    0.0  292.6    0.0   26.9  -99.9    0.0    0.0    0.0    0.0   90.1 1004.0 1008.3   25.1
202607220214   763    0.0    0.0  334.8    0.0  292.6    0.0   26.9  -99.9    0.0    0.0    0.0    0.0   90.2 1004.0 1008.3   25.2
202607220215   763    0.0    0.0  337.7    0.0  292.6    0.0   26.9  -99.9    0.0    0.0    0.0    0.0   90.3 1004.0 1008.3   25.2
202607220216   763    0.0    0.0  343.3    0.0  292.6    0.0   26.9  -99.9    0.0    0.0    0.0    0.0   90.5 1004.0 1008.3   25.2
202607220217   763    0.0    0.0  346.2    0.0  292.6    0.0   26.9  -99.9    0.0    0.0    0.0    0.0   90.6 1004.0 1008.3   25.2
202607220218   763    0.0    0.0  292.7    0.0  292.6    0.0   26.9  -99.9    0.0    0.0    0.0    0.0   90.7 1004.0 1008.3   25.3
202607220219   763    0.0    0.0  349.0    0.0  314.4    0.0   26.9  -99.9    0.0    0.0    0.0    0.0   90.7 1004.0 1008.3   25.3
202607220220   763    0.0    0.0  354.6    0.0    0.0    0.0   27.0  -99.9    0.0    0.0    0.0    0.0   90.6 1004.0 1008.3   25.3
202607220221   763  334.1    0.0  278.6    0.1    0.0    0.0   27.0  -99.9    0.0    0.0    0.0    0.0   90.6 1003.9 1008.2   25.3
202607220222   763  324.6    0.0  315.2    0.2    0.0    0.0   27.0  -99.9    0.0    0.0    0.0    0.0   90.6 1003.9 1008.2   25.3
202607220223   763    0.0    0.0  270.2    0.0    0.0    0.0   26.9  -99.9    0.0    0.0    0.0    0.0   90.7 1003.9 1008.2   25.3
202607220224   763  334.7    0.0  304.0    0.1    0.0    0.0   26.9  -99.9    0.0    0.0    0.0    0.0   90.7 1003.9 1008.2   25.3
202607220225   763    0.0    0.0  357.5    0.0    0.0    0.0   26.9  -99.9    0.0    0.0    0.0    0.0   90.8 1003.9 1008.2   25.3
202607220226   763    0.0    0.0  357.5    0.0    0.0    0.0   26.9  -99.9    0.0    0.0    0.0    0.0   90.8 1003.9 1008.2   25.3
202607220227   763    0.0    0.0  349.0    0.0    0.0    0.0   26.9  -99.9    0.0    0.0    0.0    0.0   90.8 1003.9 1008.2   25.3
202607220228   763    0.0    0.0  323.7    0.0    0.0    0.0   26.9  -99.9    0.0    0.0    0.0    0.0   90.8 1003.9 1008.2   25.3
202607220229   763  324.9    0.0  315.2    0.0    0.0    0.0   26.9  -99.9    0.0    0.0    0.0    0.0   90.8 1003.9 1008.2   25.3
202607220230   763    0.0    0.0  346.2    0.0    0.0    0.0   26.9  -99.9    0.0    0.0    0.0    0.0   90.9 1003.9 1008.2   25.3
202607220231   763    0.0    0.0  332.1    0.0    0.0    0.0   26.9  -99.9    0.0    0.0    0.0    0.0   90.9 1003.8 1008.1   25.3
202607220232   763    0.0    0.0  343.3    0.0    0.0    0.0   26.9  -99.9    0.0    0.0    0.0    0.0   90.9 1003.8 1008.1   25.3
202607220233   763    0.0    0.0  334.8    0.0    0.0    0.0   26.9  -99.9    0.0    0.0    0.0    0.0   90.8 1003.8 1008.1   25.3
202607220234   763    0.0    0.0  349.0    0.0    0.0    0.0   26.9  -99.9    0.0    0.0    0.0    0.0   90.7 1003.8 1008.1   25.3
202607220235   763  323.3    0.2  242.0    0.9  323.3    0.0   26.9  -99.9    0.0    0.0    0.0    0.0   90.6 1003.8 1008.1   25.2
202607220236   763  292.4    0.5  278.6    1.2  307.9    0.1   27.0  -99.9    0.0    0.0    0.0    0.0   90.5 1003.9 1008.2   25.3
202607220237   763  317.8    0.0  292.7    0.3  307.9    0.1   27.0  -99.9    0.0    0.0    0.0    0.0   90.5 1003.9 1008.2   25.3
202607220238   763    0.0    0.0  329.2    0.0  307.9    0.1   26.9  -99.9    0.0    0.0    0.0    0.0   90.6 1003.8 1008.1   25.2
202607220239   763    0.0    0.0  351.7    0.0  307.9    0.1   26.9  -99.9    0.0    0.0    0.0    0.0   90.8 1003.8 1008.1   25.3
202607220240   763    0.0    0.0  304.0    0.0  307.9    0.1   26.9  -99.9    0.0    0.0    0.0    0.0   90.8 1003.8 1008.1   25.3
202607220241   763    0.0    0.0  337.7    0.0  307.9    0.1   26.9  -99.9    0.0    0.0    0.0    0.0   90.7 1003.8 1008.1   25.3
202607220242   763  305.8    0.0  264.6    0.0  307.9    0.1   26.9  -99.9    0.0    0.0    0.0    0.0   90.9 1003.8 1008.1   25.3
202607220243   763  320.4    0.0  213.8    0.0  307.9    0.1   26.9  -99.9    0.0    0.0    0.0    0.0   90.9 1003.7 1008.0   25.3
202607220244   763    0.0    0.0  326.5    0.0  307.9    0.1   27.0  -99.9    0.0    0.0    0.0    0.0   90.5 1003.8 1008.1   25.3
202607220245   763  327.0    0.0  315.2    0.0  292.4    0.1   27.0  -99.9    0.0    0.0    0.0    0.0   90.4 1003.8 1008.1   25.3
202607220246   763    0.0    0.0  315.2    0.0    0.0    0.0   27.0  -99.9    0.0    0.0    0.0    0.0   90.4 1003.8 1008.1   25.3
202607220247   763    0.0    0.0  315.2    0.0    0.0    0.0   27.0  -99.9    0.0    0.0    0.0    0.0   90.1 1003.8 1008.1   25.2
202607220248   763    0.0    0.0  343.3    0.0    0.0    0.0   27.0  -99.9    0.0    0.0    0.0    0.0   89.8 1003.7 1008.0   25.2
202607220249   763    0.0    0.0  326.5    0.0    0.0    0.0   27.0  -99.9    0.0    0.0    0.0    0.0   89.7 1003.7 1008.0   25.2
202607220250   763    0.0    0.0  315.2    0.0    0.0    0.0   27.1  -99.9    0.0    0.0    0.0    0.0   89.6 1003.7 1008.0   25.2
202607220251   763    0.0    0.0  295.5    0.0    0.0    0.0   27.1  -99.9    0.0    0.0    0.0    0.0   89.6 1003.7 1008.0   25.2
202607220252   763    0.0    0.0  315.2    0.0    0.0    0.0   27.1  -99.9    0.0    0.0    0.0    0.0   89.4 1003.7 1008.0   25.2
202607220253   763    0.0    0.0  309.6    0.0    0.0    0.0   27.1  -99.9    0.0    0.0    0.0    0.0   89.1 1003.7 1008.0   25.2
202607220254   763  298.9    0.2  222.3    1.0  298.9    0.0   27.1  -99.9    0.0    0.0    0.0    0.0   89.2 1003.8 1008.1   25.2
202607220255   763  335.8    0.0  298.2    0.2  298.9    0.0   27.1  -99.9    0.0    0.0    0.0    0.0   89.1 1003.8 1008.1   25.2
202607220256   763    0.0    0.0  320.8    0.0  298.9    0.0   27.1  -99.9    0.0    0.0    0.0    0.0   89.2 1003.7 1008.0   25.2
202607220257   763    0.0    0.0  334.8    0.0  298.9    0.0   27.1  -99.9    0.0    0.0    0.0    0.0   89.4 1003.7 1008.0   25.2
202607220258   763    0.0    0.0  326.5    0.0  298.9    0.0   27.1  -99.9    0.0    0.0    0.0    0.0   89.6 1003.7 1008.0   25.2
202607220259   763    0.0    0.0  354.6    0.0  298.9    0.0   27.1  -99.9    0.0    0.0    0.0    0.0   89.7 1003.7 1008.0   25.3
202607220300   763    0.0    0.0  340.6    0.0  298.9    0.0   27.0  -99.9    0.0    0.0    0.0    0.0   89.8 1003.7 1008.0   25.2
202607220301   763    0.0    0.0  315.2    0.0  298.9    0.0   27.0  -99.9    0.0    0.0    0.0    0.0   89.7 1003.7 1008.0   25.2
202607220302   763    0.0    0.0  340.6    0.0  298.9    0.0   27.0  -99.9    0.0    0.0    0.0    0.0   89.6 1003.7 1008.0   25.1
202607220303   763    0.0    0.0  306.7    0.0  298.9    0.0   27.0  -99.9    0.0    0.0    0.0    0.0   89.7 1003.7 1008.0   25.2
202607220304   763    0.0    0.0  312.3    0.0    0.0    0.0   27.0  -99.9    0.0    0.0    0.0    0.0   89.8 1003.7 1008.0   25.2
202607220305   763    0.0    0.0  357.5    0.0    0.0    0.0   27.0  -99.9    0.0    0.0    0.0    0.0   89.7 1003.7 1008.0   25.2
202607220306   763    0.0    0.0  315.2    0.0    0.0    0.0   27.0  -99.9    0.0    0.0    0.0    0.0   89.9 1003.7 1008.0   25.2
202607220307   763  325.3    0.0  270.2    0.1    0.0    0.0   27.0  -99.9    0.0    0.0    0.0    0.0   89.9 1003.7 1008.0   25.2
202607220308   763    0.0    0.0  304.0    0.0    0.0    0.0   27.0  -99.9    0.0    0.0    0.0    0.0   90.0 1003.7 1008.0   25.2
202607220309   763    0.0    0.0  304.0    0.0    0.0    0.0   27.0  -99.9    0.0    0.0    0.0    0.0   89.9 1003.7 1008.0   25.2
202607220310   763    0.0    0.0  349.0    0.0    0.0    0.0   27.0  -99.9    0.0    0.0    0.0    0.0   89.8 1003.6 1007.9   25.2
202607220311   763    0.0    0.0  315.2    0.0    0.0    0.0   27.0  -99.9    0.0    0.0    0.0    0.0   89.6 1003.6 1007.9   25.1
202607220312   763  318.2    0.0  315.2    0.3    0.0    0.0   27.0  -99.9    0.0    0.0    0.0    0.0   89.5 1003.6 1007.9   25.1
202607220313   763    0.0    0.0  349.0    0.0    0.0    0.0   27.0  -99.9    0.0    0.0    0.0    0.0   89.5 1003.6 1007.9   25.1
202607220314   763    0.0    0.0  329.2    0.0    0.0    0.0   27.0  -99.9    0.0    0.0    0.0    0.0   89.4 1003.6 1007.9   25.1
202607220315   763    0.0    0.0  343.3    0.0    0.0    0.0   27.0  -99.9    0.0    0.0    0.0    0.0   89.1 1003.6 1007.9   25.1
202607220316   763    0.0    0.0  304.0    0.0    0.0    0.0   27.0  -99.9    0.0    0.0    0.0    0.0   89.1 1003.6 1007.9   25.1
202607220317   763  320.6    0.0  301.2    0.1    0.0    0.0   27.0  -99.9    0.0    0.0    0.0    0.0   89.6 1003.6 1007.9   25.1
202607220318   763    0.0    0.0  275.7    0.0    0.0    0.0   27.0  -99.9    0.0    0.0    0.0    0.0   89.8 1003.6 1007.9   25.2
202607220319   763    0.0    0.0  312.3    0.0    0.0    0.0   26.9  -99.9    0.0    0.0    0.0    0.0   89.9 1003.6 1007.9   25.1
202607220320   763    0.0    0.0  298.2    0.0    0.0    0.0   26.9  -99.9    0.0    0.0    0.0    0.0   89.9 1003.6 1007.9   25.1
202607220321   763    0.0    0.0  326.5    0.0    0.0    0.0   26.9  -99.9    0.0    0.0    0.0    0.0   89.8 1003.6 1007.9   25.1
202607220322   763  317.2    0.0  287.1    0.1    0.0    0.0   26.9  -99.9    0.0    0.0    0.0    0.0   90.0 1003.6 1007.9   25.1
202607220323   763  308.2    0.2  270.2    0.6  308.2    0.0   26.9  -99.9    0.0    0.0    0.0    0.0   90.0 1003.7 1008.0   25.1
202607220324   763    0.0    0.0  340.6    0.0  308.2    0.0   26.9  -99.9    0.5    0.5    0.5    0.5   90.3 1003.7 1008.0   25.2
202607220325   763  329.2    0.0  290.0    0.0  308.2    0.0   26.8  -99.9    0.5    0.5    0.5    0.5   90.8 1003.7 1008.0   25.2
202607220326   763  285.0    0.2  233.6    0.7  296.6    0.0   26.8  -99.9    0.5    0.5    0.5    0.5   91.0 1003.7 1008.0   25.2
202607220327   763  307.4    0.0  197.0    0.3  296.6    0.0   26.7  -99.9    0.5    0.5    0.5    0.5   90.8 1003.7 1008.0   25.1
202607220328   763    0.0    0.0  318.0    0.0  296.6    0.0   26.7  -99.9    0.5    0.5    0.5    0.5   90.6 1003.7 1008.0   25.0
202607220329   763    0.0    0.0  326.5    0.0  296.6    0.0   26.7  -99.9    0.5    0.5    0.5    0.5   90.8 1003.7 1008.0   25.1
202607220330   763    0.0    0.0  213.8    0.0  296.6    0.0   26.6  -99.9    0.5    0.5    0.5    0.5   91.2 1003.7 1008.0   25.0
202607220331   763    0.0    0.0  292.7    0.0  296.6    0.0   26.6  -99.9    0.5    0.5    0.5    0.5   91.4 1003.7 1008.0   25.1
202607220332   763  307.8    0.0  182.8    0.5  296.6    0.0   26.6  -99.9    0.5    0.5    0.5    0.5   91.5 1003.7 1008.0   25.1
202607220333   763  307.9    0.1  278.6    0.4  296.5    0.0   26.6  -99.9    0.5    0.5    0.5    0.5   91.8 1003.7 1008.0   25.2
202607220334   763  313.9    0.0  222.3    0.4  296.5    0.0   26.6  -99.9    0.5    0.5    0.5    0.5   91.9 1003.7 1008.0   25.2
202607220335   763    0.0    0.0  349.0    0.0  296.5    0.0   26.6  -99.9    0.5    0.5    0.5    0.5   92.0 1003.7 1008.0   25.2
202607220336   763    0.0    0.0  354.6    0.0  307.9    0.0   26.5  -99.9    0.5    0.5    0.5    0.5   92.2 1003.7 1008.0   25.1
202607220337   763    0.0    0.0  332.1    0.0  307.9    0.0   26.5  -99.9    0.5    0.5    0.5    0.5   92.4 1003.7 1008.0   25.2
202607220338   763    0.0    0.0  295.5    0.0  307.9    0.0   26.5  -99.9    0.5    0.5    0.5    0.5   92.7 1003.7 1008.0   25.2
202607220339   763  321.9    0.0  267.3    0.0  307.9    0.0   26.5  -99.9    0.0    0.5    0.5    0.5   92.7 1003.6 1007.9   25.2
202607220340   763    0.0    0.0  270.2    0.0  307.9    0.0   26.5  -99.9    0.0    0.5    0.5    0.5   92.6 1003.6 1007.9   25.2
202607220341   763  317.8    0.0  323.7    0.3  307.9    0.0   26.5  -99.9    0.0    0.5    0.5    0.5   92.6 1003.6 1007.9   25.2
202607220342   763    0.0    0.0  334.8    0.0  307.9    0.0   26.5  -99.9    0.0    0.5    0.5    0.5   92.6 1003.6 1007.9   25.2
202607220343   763  315.8    0.1  219.5    0.4  315.8    0.0   26.5  -99.9    0.0    0.5    0.5    0.5   92.8 1003.6 1007.9   25.2
202607220344   763    0.0    0.0  309.6    0.0  315.8    0.0   26.5  -99.9    0.0    0.5    0.5    0.5   92.7 1003.6 1007.9   25.2
202607220345   763  326.6    0.1  230.0    0.5  321.2    0.0   26.5  -99.9    0.0    0.5    0.5    0.5   92.6 1003.6 1007.9   25.2
202607220346   763    0.0    0.0  349.0    0.0  321.2    0.0   26.6  -99.9    0.0    0.5    0.5    0.5   92.3 1003.6 1007.9   25.2
202607220347   763    0.0    0.0  292.7    0.0  321.2    0.0   26.6  -99.9    0.0    0.5    0.5    0.5   92.1 1003.6 1007.9   25.2
202607220348   763  312.1    0.0  270.2    0.3  321.2    0.0   26.6  -99.9    0.0    0.5    0.5    0.5   92.2 1003.6 1007.9   25.2
202607220349   763    0.0    0.0  318.0    0.0  321.2    0.0   26.6  -99.9    0.0    0.5    0.5    0.5   92.3 1003.6 1007.9   25.2
202607220350   763    0.0    0.0  304.0    0.0  321.2    0.0   26.5  -99.9    0.0    0.5    0.5    0.5   92.5 1003.6 1007.9   25.2
202607220351   763    0.0    0.0  346.2    0.0  321.2    0.0   26.5  -99.9    0.0    0.5    0.5    0.5   92.7 1003.6 1007.9   25.2
202607220352   763    0.0    0.0  357.5    0.0  321.2    0.0   26.5  -99.9    0.0    0.5    0.5    0.5   92.9 1003.6 1007.9   25.3
202607220353   763    0.0    0.0  326.5    0.0  326.6    0.0   26.5  -99.9    0.0    0.5    0.5    0.5   92.7 1003.6 1007.9   25.2
202607220354   763    0.0    0.0  349.0    0.0  326.6    0.0   26.5  -99.9    0.0    0.5    0.5    0.5   92.6 1003.6 1007.9   25.2
202607220355   763    0.0    0.0  312.3    0.0    0.0    0.0   26.5  -99.9    0.0    0.5    0.5    0.5   92.5 1003.6 1007.9   25.2
202607220356   763    0.0    0.0  337.7    0.0    0.0    0.0   26.5  -99.9    0.0    0.5    0.5    0.5   92.6 1003.6 1007.9   25.2
202607220357   763    0.0    0.0  273.0    0.0    0.0    0.0   26.5  -99.9    0.0    0.5    0.5    0.5   92.6 1003.6 1007.9   25.2
202607220358   763    0.0    0.0  287.1    0.0    0.0    0.0   26.5  -99.9    0.0    0.5    0.5    0.5   92.7 1003.6 1007.9   25.2
202607220359   763    0.0    0.0  354.6    0.0    0.0    0.0   26.5  -99.9    0.0    0.5    0.5    0.5   92.7 1003.6 1007.9   25.2
202607220400   763    0.0    0.0  334.8    0.0    0.0    0.0   26.5  -99.9    0.0    0.5    0.5    0.5   92.7 1003.6 1007.9   25.2
202607220401   763    0.0    0.0  340.6    0.0    0.0    0.0   26.4  -99.9    0.0    0.5    0.5    0.5   92.8 1003.7 1008.0   25.1
202607220402   763    0.0    0.0  349.0    0.0    0.0    0.0   26.4  -99.9    0.0    0.5    0.5    0.5   92.9 1003.7 1008.0   25.2
202607220403   763    0.0    0.0  315.2    0.0    0.0    0.0   26.4  -99.9    0.0    0.5    0.5    0.5   93.2 1003.7 1008.0   25.2
202607220404   763    0.0    0.0  354.6    0.0    0.0    0.0   26.3  -99.9    0.0    0.5    0.5    0.5   93.5 1003.7 1008.0   25.2
202607220405   763    0.0    0.0  349.0    0.0    0.0    0.0   26.3  -99.9    0.0    0.5    0.5    0.5   93.7 1003.7 1008.0   25.2
202607220406   763    0.0    0.0  343.3    0.0    0.0    0.0   26.3  -99.9    0.0    0.5    0.5    0.5   93.8 1003.7 1008.0   25.2
202607220407   763    0.0    0.0  346.2    0.0    0.0    0.0   26.3  -99.9    0.0    0.5    0.5    0.5   93.9 1003.7 1008.0   25.2
202607220408   763  293.2    0.0  275.7    0.2    0.0    0.0   26.3  -99.9    0.0    0.5    0.5    0.5   94.1 1003.7 1008.0   25.3
202607220409   763  272.3    0.2  270.2    0.4  272.3    0.0   26.3  -99.9    0.0    0.5    0.5    0.5   94.4 1003.7 1008.0   25.3
202607220410   763  290.4    0.2  258.8    0.3  281.4    0.0   26.3  -99.9    0.0    0.5    0.5    0.5   94.5 1003.7 1008.0   25.3
202607220411   763  297.0    0.1  270.2    0.5  286.6    0.1   26.3  -99.9    0.0    0.5    0.5    0.5   94.6 1003.7 1008.0   25.4
202607220412   763  290.1    0.2  267.3    0.6  287.5    0.1   26.3  -99.9    0.0    0.5    0.5    0.5   94.6 1003.7 1008.0   25.4
202607220413   763    0.0    0.0  334.8    0.0  287.5    0.1   26.3  -99.9    0.0    0.5    0.5    0.5   94.7 1003.7 1008.0   25.4
202607220414   763    0.0    0.0  346.2    0.0  287.5    0.1   26.3  -99.9    0.0    0.5    0.5    0.5   94.7 1003.7 1008.0   25.4
202607220415   763    0.0    0.0  332.1    0.0  287.5    0.1   26.3  -99.9    0.0    0.5    0.5    0.5   94.7 1003.7 1008.0   25.4
202607220416   763    0.0    0.0  357.5    0.0  -99.9  -99.9   26.3  -99.9  -99.9    0.5    0.5    0.5   94.7 1003.7 1008.0   25.4
202607220417   763    0.0    0.0  357.5    0.0  287.5    0.1   26.3  -99.9    0.0    0.5    0.5    0.5   94.7 1003.7 1008.0   25.4
202607220418   763    0.0    0.0  346.2    0.0  287.5    0.1   26.3  -99.9    0.0    0.5    0.5    0.5   94.8 1003.8 1008.1   25.4
202607220419   763    0.0    0.0  318.0    0.0  292.5    0.1   26.3  -99.9    0.0    0.5    0.5    0.5   94.9 1003.8 1008.1   25.4
202607220420   763  341.4    0.0  337.7    0.0  293.6    0.0   26.3  -99.9    0.0    0.5    0.5    0.5   95.0 1003.8 1008.1   25.4
202607220421   763    0.0    0.0  315.2    0.0  290.1    0.0   26.3  -99.9    0.0    0.5    0.5    0.5   95.1 1003.8 1008.1   25.5
202607220422   763    0.0    0.0  326.5    0.0    0.0    0.0   26.2  -99.9    0.0    0.5    0.5    0.5   95.1 1003.8 1008.1   25.4
202607220423   763  320.5    0.0  306.7    0.0    0.0    0.0   26.2  -99.9    0.0    0.5    0.5    0.5   95.2 1003.8 1008.1   25.4
202607220424   763  304.5    0.2  273.0    0.6  304.5    0.0   26.2  -99.9    0.0    0.0    0.5    0.5   95.4 1003.8 1008.1   25.4
202607220425   763  318.9    0.1  309.6    0.5  311.7    0.0   26.1  -99.9    0.0    0.0    0.5    0.5   95.4 1003.9 1008.2   25.3
202607220426   763  310.1    0.1  270.2    0.3  311.2    0.0   26.1  -99.9    0.0    0.0    0.5    0.5   95.6 1003.9 1008.2   25.3
202607220427   763  304.2    0.2  284.2    0.5  309.4    0.1   26.1  -99.9    0.0    0.0    0.5    0.5   95.8 1003.9 1008.2   25.4
202607220428   763  316.5    0.0  278.6    0.1  309.4    0.1   26.1  -99.9    0.0    0.0    0.5    0.5   95.9 1003.9 1008.2   25.4
202607220429   763  312.4    0.2  298.2    0.8  310.0    0.1   26.1  -99.9    0.0    0.0    0.5    0.5   96.0 1003.9 1008.2   25.4
202607220430   763  313.9    0.0  301.2    0.4  310.0    0.1   26.1  -99.9    0.0    0.0    0.5    0.5   96.2 1003.9 1008.2   25.4
202607220431   763  315.5    0.0  290.0    0.1  310.0    0.1   26.1  -99.9    0.0    0.0    0.5    0.5   96.3 1003.9 1008.2   25.5
202607220432   763  323.8    0.0  298.2    0.1  310.0    0.1   26.1  -99.9    0.0    0.0    0.5    0.5   96.3 1003.9 1008.2   25.5
202607220433   763    0.0    0.0  357.5    0.0  310.0    0.1   26.1  -99.9    0.0    0.0    0.5    0.5   96.4 1003.9 1008.2   25.5
202607220434   763    0.0    0.0  354.6    0.0  311.4    0.1   26.0  -99.9    0.0    0.0    0.5    0.5   96.4 1003.9 1008.2   25.4
202607220435   763    0.0    0.0  357.5    0.0  308.9    0.1   26.0  -99.9    0.0    0.0    0.5    0.5   96.6 1003.8 1008.1   25.4
202607220436   763    0.0    0.0  357.5    0.0  308.3    0.0   26.0  -99.9    0.0    0.0    0.5    0.5   96.7 1003.8 1008.1   25.4
202607220437   763    0.0    0.0  351.7    0.0  312.4    0.0   26.0  -99.9    0.0    0.0    0.5    0.5   96.8 1003.9 1008.2   25.5
202607220438   763    0.0    0.0  301.2    0.0  312.4    0.0   26.0  -99.9    0.0    0.0    0.5    0.5   96.8 1003.9 1008.2   25.5
202607220439   763  326.8    0.0  318.0    0.0    0.0    0.0   26.0  -99.9    0.0    0.0    0.5    0.5   96.9 1003.9 1008.2   25.5
202607220440   763  325.3    0.0  318.0    0.0    0.0    0.0   26.0  -99.9    0.0    0.0    0.5    0.5   96.6 1003.9 1008.2   25.4
202607220441   763    0.0    0.0  337.7    0.0    0.0    0.0   26.2  -99.9    0.0    0.0    0.5    0.5   96.1 1003.9 1008.2   25.5
202607220442   763    0.0    0.0  337.7    0.0    0.0    0.0   26.2  -99.9    0.0    0.0    0.5    0.5   95.4 1003.9 1008.2   25.4
202607220443   763    0.0    0.0  349.0    0.0    0.0    0.0   26.3  -99.9    0.0    0.0    0.5    0.5   94.9 1003.9 1008.2   25.4
202607220444   763  333.4    0.0  253.3    0.1    0.0    0.0   26.3  -99.9    0.0    0.0    0.5    0.5   94.5 1003.9 1008.2   25.3
202607220445   763    0.0    0.0  332.1    0.0    0.0    0.0   26.4  -99.9    0.0    0.0    0.5    0.5   94.0 1003.9 1008.2   25.4
202607220446   763    0.0    0.0  337.7    0.0    0.0    0.0   26.4  -99.9    0.0    0.0    0.5    0.5   93.5 1003.9 1008.2   25.3
202607220447   763    0.0    0.0  318.0    0.0    0.0    0.0   26.4  -99.9    0.0    0.0    0.5    0.5   93.2 1004.0 1008.3   25.2
202607220448   763  278.0    0.4  208.3    1.5  278.0    0.0   26.5  -99.9    0.0    0.0    0.5    0.5   92.8 1004.0 1008.3   25.2
202607220449   763  313.3    0.2  230.0    0.9  295.7    0.1   26.4  -99.9    0.0    0.0    0.5    0.5   92.9 1004.0 1008.3   25.2
202607220450   763  330.5    0.0  346.2    0.0  295.7    0.1   26.4  -99.9    0.0    0.0    0.5    0.5   93.0 1004.0 1008.3   25.2
202607220451   763  325.8    0.0  304.0    0.0  295.7    0.1   26.4  -99.9    0.0    0.0    0.5    0.5   92.8 1004.0 1008.3   25.1
202607220452   763  314.3    0.1  264.6    0.7  302.0    0.1   26.5  -99.9    0.0    0.0    0.5    0.5   92.5 1004.1 1008.4   25.2
202607220453   763    0.0    0.0  354.6    0.0  302.0    0.1   26.5  -99.9    0.0    0.0    0.5    0.5   92.1 1004.1 1008.4   25.1
202607220454   763    0.0    0.0  326.5    0.0  302.0    0.1   26.5  -99.9    0.0    0.0    0.5    0.5   92.0 1004.1 1008.4   25.1
202607220455   763    0.0    0.0  304.0    0.0  302.0    0.1   26.4  -99.9    0.0    0.0    0.5    0.5   92.1 1004.1 1008.4   25.0
202607220456   763  318.0    0.0  242.0    0.3  302.0    0.1   26.5  -99.9    0.0    0.0    0.5    0.5   91.9 1004.1 1008.4   25.1
202607220457   763    0.0    0.0  357.5    0.0  302.0    0.1   26.5  -99.9    0.0    0.0    0.5    0.5   91.6 1004.2 1008.5   25.0
202607220458   763    0.0    0.0  326.5    0.0  313.8    0.0   26.5  -99.9    0.0    0.0    0.5    0.5   91.6 1004.2 1008.5   25.0
202607220459   763    0.0    0.0  332.1    0.0  314.3    0.0   26.5  -99.9    0.0    0.0    0.5    0.5   91.7 1004.2 1008.5   25.0
202607220500   763    0.0    0.0  247.6    0.0  314.3    0.0   26.5  -99.9    0.0    0.0    0.5    0.5   91.8 1004.2 1008.5   25.1
202607220501   763    0.0    0.0  354.6    0.0  314.3    0.0   26.5  -99.9    0.0    0.0    0.5    0.5   91.9 1004.2 1008.5   25.1
202607220502   763    0.0    0.0  357.5    0.0    0.0    0.0   26.5  -99.9    0.0    0.0    0.5    0.5   91.8 1004.2 1008.5   25.1
202607220503   763    0.0    0.0  354.6    0.0    0.0    0.0   26.5  -99.9    0.0    0.0    0.5    0.5   91.7 1004.2 1008.5   25.0
202607220504   763    0.0    0.0  329.2    0.0    0.0    0.0   26.4  -99.9    0.0    0.0    0.5    0.5   91.8 1004.2 1008.5   25.0
202607220505   763    0.0    0.0  334.8    0.0    0.0    0.0   26.4  -99.9    0.0    0.0    0.5    0.5   91.9 1004.2 1008.5   25.0
202607220506   763    0.0    0.0  357.5    0.0    0.0    0.0   26.5  -99.9    0.0    0.0    0.5    0.5   91.8 1004.2 1008.5   25.1
202607220507   763    0.0    0.0  351.7    0.0    0.0    0.0   26.4  -99.9    0.0    0.0    0.5    0.5   91.8 1004.2 1008.5   25.0
202607220508   763    0.0    0.0  349.0    0.0    0.0    0.0   26.4  -99.9    0.0    0.0    0.5    0.5   91.8 1004.2 1008.5   25.0
202607220509   763    0.0    0.0  334.8    0.0    0.0    0.0   26.5  -99.9    0.0    0.0    0.5    0.5   92.0 1004.2 1008.5   25.1
202607220510   763    0.0    0.0  312.3    0.0    0.0    0.0   26.4  -99.9    0.0    0.0    0.5    0.5   92.0 1004.2 1008.5   25.0
202607220511   763    0.0    0.0  346.2    0.0    0.0    0.0   26.4  -99.9    0.0    0.0    0.5    0.5   92.2 1004.2 1008.5   25.0
202607220512   763    0.0    0.0  323.7    0.0    0.0    0.0   26.4  -99.9    0.0    0.0    0.5    0.5   92.4 1004.2 1008.5   25.1
202607220513   763    0.0    0.0  346.2    0.0    0.0    0.0   26.4  -99.9    0.0    0.0    0.5    0.5   92.3 1004.2 1008.5   25.1
202607220514   763  340.3    0.0  290.0    0.2    0.0    0.0   26.4  -99.9    0.0    0.0    0.5    0.5   92.2 1004.2 1008.5   25.0
202607220515   763    0.0    0.0  292.7    0.0    0.0    0.0   26.4  -99.9    0.0    0.0    0.5    0.5   92.2 1004.2 1008.5   25.0
202607220516   763    0.0    0.0  349.0    0.0    0.0    0.0   26.4  -99.9    0.0    0.0    0.5    0.5   92.3 1004.2 1008.5   25.1
202607220517   763    0.0    0.0  357.5    0.0    0.0    0.0   26.4  -99.9    0.0    0.0    0.5    0.5   92.3 1004.3 1008.6   25.1
202607220518   763    0.0    0.0  357.5    0.0    0.0    0.0   26.4  -99.9    0.0    0.0    0.5    0.5   92.3 1004.3 1008.6   25.1
202607220519   763    0.0    0.0  354.6    0.0    0.0    0.0   26.4  -99.9    0.0    0.0    0.5    0.5   92.4 1004.3 1008.6   25.1
202607220520   763    0.0    0.0  334.8    0.0    0.0    0.0   26.4  -99.9    0.0    0.0    0.5    0.5   92.4 1004.3 1008.6   25.1
202607220521   763    0.0    0.0  329.2    0.0    0.0    0.0   26.4  -99.9    0.0    0.0    0.5    0.5   92.3 1004.3 1008.6   25.1
202607220522   763    0.0    0.0  320.8    0.0    0.0    0.0   26.4  -99.9    0.0    0.0    0.5    0.5   92.4 1004.3 1008.6   25.1
202607220523   763  336.3    0.0  309.6    0.1    0.0    0.0   26.4  -99.9    0.0    0.0    0.5    0.5   92.5 1004.3 1008.6   25.1
202607220524   763    0.0    0.0  334.8    0.0    0.0    0.0   26.4  -99.9    0.0    0.0    0.5    0.5   92.7 1004.3 1008.6   25.1
202607220525   763  328.1    0.0  295.5    0.0    0.0    0.0   26.3  -99.9    0.0    0.0    0.5    0.5   92.8 1004.3 1008.6   25.0
202607220526   763  329.0    0.0  320.8    0.1    0.0    0.0   26.3  -99.9    0.0    0.0    0.5    0.5   92.9 1004.3 1008.6   25.1
202607220527   763  307.6    0.0  244.8    0.3    0.0    0.0   26.3  -99.9    0.0    0.0    0.5    0.5   93.0 1004.3 1008.6   25.1
202607220528   763  301.8    0.1  275.7    0.6  301.8    0.0   26.3  -99.9    0.0    0.0    0.5    0.5   92.9 1004.3 1008.6   25.1
202607220529   763  307.4    0.0  202.6    0.5  -99.9  -99.9   26.3  -99.9    0.0    0.0    0.5    0.5   93.0 1004.3 1008.6   25.1
202607220530   763  270.1    0.2  199.8    0.6  286.0    0.0   26.3  -99.9    0.0    0.0    0.5    0.5   93.0 1004.3 1008.6   25.1
202607220531   763  313.2    0.0  230.0    0.1  286.0    0.0   26.3  -99.9    0.0    0.0    0.5    0.5   93.0 1004.3 1008.6   25.1
202607220532   763    0.0    0.0  315.2    0.0  286.0    0.0   26.3  -99.9    0.0    0.0    0.5    0.5   93.0 1004.3 1008.6   25.1
202607220533   763    0.0    0.0  315.2    0.0  286.0    0.0   26.3  -99.9    0.0    0.0    0.5    0.5   93.1 1004.3 1008.6   25.1
202607220534   763    0.0    0.0  349.0    0.0  286.0    0.0   26.3  -99.9    0.0    0.0    0.5    0.5   93.1 1004.3 1008.6   25.1
202607220535   763    0.0    0.0  337.7    0.0  286.0    0.0   26.3  -99.9    0.0    0.0    0.5    0.5   93.1 1004.3 1008.6   25.1
202607220536   763  336.4    0.0  281.5    0.2  286.0    0.0   26.4  -99.9    0.0    0.0    0.5    0.5   93.1 1004.3 1008.6   25.2
202607220537   763  333.7    0.0  301.2    0.2  286.0    0.0   26.4  -99.9    0.0    0.0    0.5    0.5   93.1 1004.3 1008.6   25.2
202607220538   763  299.7    0.2  301.2    0.4  284.9    0.0   26.3  -99.9    0.0    0.0    0.5    0.5   93.1 1004.3 1008.6   25.1
202607220539   763  294.7    0.1  273.0    0.3  288.2    0.1   26.3  -99.9    0.0    0.0    0.5    0.5   93.1 1004.3 1008.6   25.1
202607220540   763  287.5    0.2  236.3    0.5  294.0    0.1   26.3  -99.9    0.0    0.0    0.5    0.5   93.1 1004.3 1008.6   25.1
202607220541   763    0.0    0.0  351.7    0.0  294.0    0.1   26.3  -99.9    0.0    0.0    0.5    0.5   93.1 1004.3 1008.6   25.1
202607220542   763    0.0    0.0  349.0    0.0  294.0    0.1   26.3  -99.9    0.0    0.0    0.5    0.5   93.2 1004.3 1008.6   25.1
202607220543   763    0.0    0.0  349.0    0.0  294.0    0.1   26.3  -99.9    0.0    0.0    0.5    0.5   93.3 1004.3 1008.6   25.1
202607220544   763  319.9    0.0  349.0    0.2  294.0    0.1   26.3  -99.9    0.0    0.0    0.5    0.5   93.4 1004.3 1008.6   25.1
202607220545   763  341.8    0.0  329.2    0.0  294.0    0.1   26.2  -99.9    0.0    0.0    0.5    0.5   93.4 1004.4 1008.7   25.1
202607220546   763    0.0    0.0  357.5    0.0  294.0    0.1   26.1  -99.9    0.0    0.0    0.5    0.5   93.8 1004.4 1008.7   25.0
202607220547   763    0.0    0.0  346.2    0.0  294.0    0.1   26.1  -99.9    0.0    0.0    0.5    0.5   94.1 1004.4 1008.7   25.1
202607220548   763    0.0    0.0  349.0    0.0  291.1    0.0   26.2  -99.9    0.0    0.0    0.5    0.5   94.2 1004.4 1008.7   25.2
202607220549   763  326.7    0.0  244.8    0.5  287.5    0.0   26.2  -99.9    0.0    0.0    0.5    0.5   94.0 1004.4 1008.7   25.2
202607220550   763  289.3    0.4  233.6    1.1  289.3    0.0   26.3  -99.9    0.0    0.0    0.5    0.5   93.8 1004.4 1008.7   25.2
202607220551   763    0.0    0.0  298.2    0.0  289.3    0.0   26.3  -99.9    0.0    0.0    0.5    0.5   93.6 1004.4 1008.7   25.2
202607220552   763    0.0    0.0  357.5    0.0  289.3    0.0   26.3  -99.9    0.0    0.0    0.5    0.5   93.5 1004.4 1008.7   25.2
202607220553   763  307.0    0.0  281.5    0.1  289.3    0.0   26.2  -99.9    0.0    0.0    0.5    0.5   93.6 1004.4 1008.7   25.1
202607220554   763  323.0    0.0  298.2    0.2  289.3    0.0   26.2  -99.9    0.0    0.0    0.5    0.5   93.7 1004.4 1008.7   25.1
202607220555   763    0.0    0.0  349.0    0.0  289.3    0.0   26.2  -99.9    0.0    0.0    0.5    0.5   93.8 1004.4 1008.7   25.1
202607220556   763    0.0    0.0  315.2    0.0  289.3    0.0   26.3  -99.9    0.0    0.0    0.5    0.5   93.8 1004.4 1008.7   25.2
202607220557   763    0.0    0.0  357.5    0.0  289.3    0.0   26.3  -99.9    0.0    0.0    0.5    0.5   93.7 1004.4 1008.7   25.2
202607220558   763    0.0    0.0  357.5    0.0  289.3    0.0   26.3  -99.9    0.0    0.0    0.5    0.5   93.6 1004.4 1008.7   25.2
202607220559   763    0.0    0.0  318.0    0.0  289.3    0.0   26.3  -99.9    0.0    0.0    0.5    0.5   93.6 1004.4 1008.7   25.2
202607220600   763    0.0    0.0  357.5    0.0  -99.9  -99.9   26.4  -99.9  -99.9    0.0    0.5    0.5   93.6 1004.4 1008.7   25.3
202607220601   763    0.0    0.0  337.7    0.0    0.0    0.0   26.4  -99.9    0.0    0.0    0.5    0.5   93.5 1004.5 1008.8   25.3
202607220602   763    0.0    0.0  343.3    0.0    0.0    0.0   26.4  -99.9    0.0    0.0    0.5    0.5   93.4 1004.5 1008.8   25.2
202607220603   763  329.0    0.0  351.7    0.3    0.0    0.0   26.4  -99.9    0.0    0.0    0.5    0.5   93.4 1004.5 1008.8   25.2
202607220604   763  324.0    0.0  318.0    0.1    0.0    0.0   26.4  -99.9    0.0    0.0    0.5    0.5   93.4 1004.5 1008.8   25.2
202607220605   763    0.0    0.0  315.2    0.0    0.0    0.0   26.4  -99.9    0.0    0.0    0.5    0.5   93.2 1004.6 1008.9   25.2
202607220606   763    0.0    0.0  343.3    0.0    0.0    0.0   26.5  -99.9    0.0    0.0    0.5    0.5   93.0 1004.6 1008.9   25.3
202607220607   763  319.7    0.0  270.2    0.2    0.0    0.0   26.5  -99.9    0.0    0.0    0.5    0.5   92.8 1004.6 1008.9   25.2
202607220608   763    0.0    0.0  332.1    0.0    0.0    0.0   26.5  -99.9    0.0    0.0    0.5    0.5   92.8 1004.7 1009.0   25.2
202607220609   763    0.0    0.0  334.8    0.0    0.0    0.0   26.5  -99.9    0.0    0.0    0.5    0.5   92.8 1004.7 1009.0   25.2
202607220610   763  301.7    0.1  315.2    0.5  301.7    0.0   26.5  -99.9    0.0    0.0    0.5    0.5   92.7 1004.7 1009.0   25.2
202607220611   763  331.5    0.1  320.8    0.5  316.6    0.0   26.6  -99.9    0.0    0.0    0.5    0.5   92.5 1004.8 1009.1   25.3
202607220612   763    0.0    0.0  334.8    0.0  316.6    0.0   26.6  -99.9    0.0    0.0    0.5    0.5   92.4 1004.8 1009.1   25.3
202607220613   763    0.0    0.0  315.2    0.0  316.6    0.0   26.6  -99.9    0.0    0.0    0.5    0.5   92.3 1004.8 1009.1   25.2
202607220614   763    0.0    0.0  312.3    0.0  316.6    0.0   26.6  -99.9    0.0    0.0    0.5    0.5   92.1 1004.8 1009.1   25.2
202607220615   763    0.0    0.0  295.5    0.0  316.6    0.0   26.6  -99.9    0.0    0.0    0.5    0.5   92.2 1004.8 1009.1   25.2
202607220616   763    0.0    0.0  323.7    0.0  316.6    0.0   26.6  -99.9    0.0    0.0    0.5    0.5   92.2 1004.8 1009.1   25.2
202607220617   763  317.9    0.0  222.3    0.3  316.6    0.0   26.6  -99.9    0.0    0.0    0.5    0.5   92.2 1004.8 1009.1   25.2
202607220618   763  313.0    0.1  219.5    0.3  315.4    0.0   26.6  -99.9    0.0    0.0    0.5    0.5   92.1 1004.7 1009.0   25.2
202607220619   763  313.8    0.0  225.1    0.5  315.4    0.0   26.6  -99.9    0.0    0.0    0.5    0.5   91.9 1004.8 1009.1   25.2
202607220620   763  314.6    0.1  261.7    0.5  319.7    0.0   26.6  -99.9    0.0    0.0    0.5    0.5   91.8 1004.8 1009.1   25.2
202607220621   763    0.0    0.0  320.8    0.0  313.8    0.0   26.6  -99.9    0.0    0.0    0.5    0.5   91.8 1004.8 1009.1   25.2
202607220622   763  300.4    0.2  239.1    0.7  309.3    0.0   26.6  -99.9    0.0    0.0    0.5    0.5   91.9 1004.8 1009.1   25.2
202607220623   763    0.0    0.0  332.1    0.0  309.3    0.0   26.6  -99.9    0.0    0.0    0.5    0.5   92.0 1004.8 1009.1   25.2
202607220624   763    0.0    0.0  349.0    0.0  309.3    0.0   26.6  -99.9    0.0    0.0    0.5    0.5   91.8 1004.7 1009.0   25.2
202607220625   763    0.0    0.0  357.5    0.0  309.3    0.0   26.6  -99.9    0.0    0.0    0.5    0.5   91.9 1004.7 1009.0   25.2
202607220626   763  305.7    0.1  197.0    0.8  308.4    0.1   26.6  -99.9    0.0    0.0    0.5    0.5   91.8 1004.7 1009.0   25.2
202607220627   763  311.7    0.0  239.1    0.1  308.4    0.1   26.6  -99.9    0.0    0.0    0.5    0.5   91.8 1004.7 1009.0   25.2
202607220628   763    0.0    0.0  199.8    0.0  306.9    0.0   26.6  -99.9    0.0    0.0    0.5    0.5   91.7 1004.8 1009.1   25.1
202607220629   763  329.1    0.0  309.6    0.2  306.9    0.0   26.6  -99.9    0.0    0.0    0.5    0.5   91.5 1004.8 1009.1   25.1
202607220630   763  319.0    0.0  261.7    0.2  303.1    0.0   26.6  -99.9    0.0    0.0    0.5    0.5   91.5 1004.8 1009.1   25.1
202607220631   763  310.6    0.0  261.7    0.6  303.1    0.0   26.6  -99.9    0.0    0.0    0.5    0.5   91.7 1004.8 1009.1   25.1
202607220632   763  330.0    0.0  264.6    0.6  305.7    0.0   26.6  -99.9    0.0    0.0    0.5    0.5   91.6 1004.8 1009.1   25.1
202607220633   763  283.9    0.1  264.6    0.5  294.8    0.0   26.6  -99.9    0.0    0.0    0.5    0.5   91.6 1004.8 1009.1   25.1
202607220634   763  310.4    0.2  264.6    0.5  300.0    0.0   26.6  -99.9    0.0    0.0    0.5    0.5   91.5 1004.8 1009.1   25.1
202607220635   763  331.2    0.0  281.5    0.1  300.0    0.0   26.6  -99.9    0.0    0.0    0.5    0.5   91.3 1004.8 1009.1   25.1
202607220636   763  293.6    0.0  290.0    0.1  297.2    0.0   26.6  -99.9    0.0    0.0    0.5    0.5   91.4 1004.8 1009.1   25.1
202607220637   763  310.8    0.0  225.1    0.3  297.2    0.0   26.6  -99.9    0.0    0.0    0.5    0.5   91.3 1004.8 1009.1   25.1
202607220638   763  281.7    0.2  191.3    0.7  291.9    0.1   26.6  -99.9    0.0    0.0    0.5    0.5   91.4 1004.8 1009.1   25.1
202607220639   763  309.6    0.0  295.5    0.3  291.9    0.1   26.6  -99.9    0.0    0.0    0.5    0.5   91.4 1004.8 1009.1   25.1
202607220640   763  310.2    0.2  211.1    0.7  296.6    0.1   26.6  -99.9    0.0    0.0    0.5    0.5   91.5 1004.9 1009.2   25.1
202607220641   763  283.3    0.6  182.8    2.0  293.9    0.1   26.6  -99.9    0.5    0.5    1.0    1.0   91.7 1004.9 1009.2   25.1
202607220642   763  288.1    0.5  236.3    1.3  292.9    0.2   26.5  -99.9    0.5    0.5    1.0    1.0   92.0 1004.9 1009.2   25.1
202607220643   763  306.9    0.0  284.2    0.2  294.7    0.2   26.4  -99.9    0.5    0.5    1.0    1.0   92.3 1004.9 1009.2   25.1
202607220644   763  284.0    0.2  318.0    0.5  289.4    0.2   26.4  -99.9    0.5    0.5    1.0    1.0   92.3 1004.9 1009.2   25.1
202607220645   763  308.3    0.1  180.0    0.4  292.5    0.2   26.4  -99.9    0.5    0.5    1.0    1.0   92.7 1004.9 1009.2   25.1
202607220646   763  297.3    0.1  216.6    0.4  293.2    0.2   26.3  -99.9    0.5    0.5    1.0    1.0   93.1 1004.9 1009.2   25.1
202607220647   763    0.0    0.0  343.3    0.0  293.2    0.2   26.3  -99.9    0.5    0.5    1.0    1.0   93.5 1004.9 1009.2   25.2
202607220648   763  321.2    0.0  247.6    0.2  295.2    0.2   26.2  -99.9    1.0    1.0    1.5    1.5   93.9 1004.9 1009.2   25.1
202607220649   763  305.5    0.0  295.5    0.1  295.2    0.2   26.1  -99.9    1.0    1.0    1.5    1.5   94.2 1004.9 1009.2   25.1
202607220650   763  322.3    0.0  334.8    0.2  292.2    0.2   26.1  -99.9    1.0    1.0    1.5    1.5   94.5 1004.9 1009.2   25.1
202607220651   763  329.8    0.0  326.5    0.2  294.4    0.1   26.2  -99.9    1.0    1.0    1.5    1.5   94.5 1004.9 1009.2   25.2
202607220652   763  335.0    0.0  315.2    0.1  296.5    0.0   26.2  -99.9    1.0    1.0    1.5    1.5   94.4 1004.8 1009.1   25.2
202607220653   763    0.0    0.0  343.3    0.0  296.5    0.0   26.2  -99.9    1.0    1.0    1.5    1.5   94.3 1004.8 1009.1   25.2
202607220654   763  325.2    0.0  309.6    0.0  302.8    0.0   26.2  -99.9    1.0    1.0    1.5    1.5   94.5 1004.8 1009.1   25.2
202607220655   763  320.5    0.0  301.2    0.2  297.3    0.0   26.2  -99.9    1.0    1.0    1.5    1.5   94.6 1004.8 1009.1   25.3
202607220656   763  311.0    0.0  323.7    0.1    0.0    0.0   26.2  -99.9    0.5    1.0    1.5    1.5   94.8 1004.8 1009.1   25.3
202607220657   763  289.4    0.2  194.1    0.4  289.4    0.0   26.2  -99.9    0.5    1.0    1.5    1.5   94.7 1004.8 1009.1   25.3
202607220658   763  305.0    0.0  211.1    0.2  289.4    0.0   26.2  -99.9    0.5    1.0    1.5    1.5   94.7 1004.8 1009.1   25.3
202607220659   763  316.0    0.0  306.7    0.3  289.4    0.0   26.2  -99.9    0.5    1.0    1.5    1.5   94.7 1004.8 1009.1   25.3
202607220700   763  335.5    0.0  301.2    0.1  289.4    0.0   26.2  -99.9    0.5    1.0    1.5    1.5   94.4 1004.8 1009.1   25.2
202607220701   763    0.0    0.0  295.5    0.0  289.4    0.0   26.2  -99.9    0.5    1.0    1.5    1.5   94.3 1004.8 1009.1   25.2
202607220702   763  305.2    0.0  236.3    0.3  289.4    0.0   26.2  -99.9    0.5    1.0    1.5    1.5   94.3 1004.8 1009.1   25.2
202607220703   763  308.3    0.1  180.0    0.5  298.9    0.0   26.2  -99.9    0.0    1.0    1.5    1.5   94.3 1004.8 1009.1   25.2
202607220704   763  330.7    0.0  199.8    0.1  -99.9  -99.9   26.2  -99.9    0.0    1.0    1.5    1.5   94.3 1004.7 1009.0   25.2
202607220705   763    0.0    0.0  315.2    0.0  298.9    0.0   26.2  -99.9    0.0    1.0    1.5    1.5   94.3 1004.7 1009.0   25.2
202607220706   763  325.7    0.0  267.3    0.5  298.9    0.0   26.2  -99.9    0.0    1.0    1.5    1.5   94.2 1004.7 1009.0   25.2
202607220707   763  307.7    0.0  304.0    0.2  308.3    0.0   26.2  -99.9    0.0    1.0    1.5    1.5   94.2 1004.7 1009.0   25.2
202607220708   763  310.8    0.0  290.0    0.2  308.3    0.0   26.2  -99.9    0.0    1.0    1.5    1.5   94.2 1004.7 1009.0   25.2
202607220709   763  305.8    0.0  278.6    0.1  308.3    0.0   26.2  -99.9    0.0    1.0    1.5    1.5   94.1 1004.7 1009.0   25.2
202607220710   763  323.2    0.0  250.5    0.1  308.3    0.0   26.2  -99.9    0.0    1.0    1.5    1.5   94.1 1004.7 1009.0   25.2
202607220711   763  318.2    0.1  326.5    0.3  313.3    0.0   26.2  -99.9    0.0    1.0    1.5    1.5   94.0 1004.7 1009.0   25.2
202607220712   763  315.0    0.1  270.2    0.3  313.8    0.0   26.2  -99.9    0.0    1.0    1.5    1.5   94.0 1004.7 1009.0   25.2
202607220713   763  284.9    0.1  258.8    0.4  306.2    0.0   26.1  -99.9    0.0    1.0    1.5    1.5   94.2 1004.7 1009.0   25.1
202607220714   763  300.7    0.2  247.6    1.1  304.8    0.1   26.1  -99.9    0.0    1.0    1.5    1.5   94.3 1004.8 1009.1   25.1
202607220715   763  300.3    0.1  287.1    0.9  303.8    0.1   26.1  -99.9    0.0    1.0    1.5    1.5   94.4 1004.8 1009.1   25.1
202607220716   763  325.5    0.0  326.5    0.1  303.8    0.1   26.1  -99.9    0.0    1.0    1.5    1.5   94.4 1004.8 1009.1   25.1
202607220717   763  318.6    0.1  332.1    0.3  307.6    0.1   26.1  -99.9    0.0    1.0    1.5    1.5   94.2 1004.8 1009.1   25.1
202607220718   763  275.5    0.5  270.2    1.0  302.0    0.1   26.2  -99.9    0.0    1.0    1.5    1.5   94.0 1004.8 1009.1   25.2
202607220719   763  302.1    0.2  258.8    0.7  302.0    0.1   26.2  -99.9    0.0    1.0    1.5    1.5   94.1 1004.8 1009.1   25.2
202607220720   763  291.5    0.3  273.0    0.9  300.8    0.2   26.2  -99.9    0.0    1.0    1.5    1.5   94.1 1004.8 1009.1   25.2
202607220721   763  307.6    0.2  273.0    1.1  299.6    0.2   26.2  -99.9    0.0    1.0    1.5    1.5   94.3 1004.8 1009.1   25.2
202607220722   763  306.6    0.1  281.5    0.6  298.7    0.2   26.1  -99.9    0.0    1.0    1.5    1.5   94.3 1004.8 1009.1   25.1
202607220723   763  318.8    0.0  309.6    0.2  300.4    0.2   26.2  -99.9    0.0    1.0    1.5    1.5   94.4 1004.8 1009.1   25.2
202607220724   763  304.3    0.2  208.3    1.5  300.9    0.2   26.1  -99.9    0.0    1.0    1.5    1.5   94.5 1004.8 1009.1   25.1
202607220725   763  265.1    0.3  199.8    1.3  296.6    0.2   26.1  -99.9    0.0    1.0    1.5    1.5   94.5 1004.8 1009.1   25.1
202607220726   763    0.0    0.0  304.0    0.0  296.6    0.2   26.2  -99.9    0.0    1.0    1.5    1.5   94.5 1004.8 1009.1   25.2
202607220727   763  321.2    0.1  315.2    0.5  296.9    0.2   26.2  -99.9    0.0    1.0    1.5    1.5   94.5 1004.8 1009.1   25.2
202607220728   763  290.5    0.1  213.8    0.4  298.8    0.2   26.2  -99.9    0.0    1.0    1.5    1.5   94.6 1004.8 1009.1   25.3
202607220729   763  320.6    0.0  261.7    0.2  298.3    0.1   26.2  -99.9    0.0    1.0    1.5    1.5   94.7 1004.8 1009.1   25.3
202607220730   763    0.0    0.0  326.5    0.0  299.5    0.1   26.2  -99.9    0.0    1.0    1.5    1.5   94.7 1004.8 1009.1   25.3
202607220731   763  270.1    0.4  264.6    1.0  293.0    0.1   26.2  -99.9    0.0    1.0    1.5    1.5   94.7 1004.8 1009.1   25.3
202607220732   763    0.0    0.0  332.1    0.0  290.2    0.1   26.3  -99.9    0.0    1.0    1.5    1.5   94.7 1004.8 1009.1   25.4
202607220733   763    0.0    0.0  323.7    0.0  290.2    0.1   26.3  -99.9    0.0    1.0    1.5    1.5   94.2 1004.8 1009.1   25.3
202607220734   763  304.9    0.0  230.0    0.4  286.4    0.1   26.4  -99.9    0.0    1.0    1.5    1.5   93.7 1004.8 1009.1   25.3
202607220735   763  300.8    0.3  182.8    1.4  -99.9  -99.9   26.4  -99.9    0.0    1.0    1.5    1.5   93.7 1004.8 1009.1   25.3
202607220736   763  306.2    0.2  239.1    0.7  297.8    0.1   26.5  -99.9    0.0    1.0    1.5    1.5   93.2 1004.8 1009.1   25.3
202607220737   763  333.7    0.0  292.7    0.2  292.0    0.1   26.6  -99.9    0.0    1.0    1.5    1.5   92.5 1004.8 1009.1   25.3
202607220738   763  301.3    0.1  292.7    0.2  294.8    0.1   26.6  -99.9    0.0    1.0    1.5    1.5   92.4 1004.8 1009.1   25.3
202607220739   763  318.2    0.0  357.5    0.0  294.8    0.1   26.7  -99.9    0.0    1.0    1.5    1.5   92.1 1004.8 1009.1   25.3
202607220740   763  336.2    0.0  340.6    0.2  294.8    0.1   26.7  -99.9    0.0    1.0    1.5    1.5   91.8 1004.8 1009.1   25.3
202607220741   763  321.1    0.1  273.0    0.5  307.3    0.1   26.7  -99.9    0.0    0.5    1.5    1.5   91.8 1004.8 1009.1   25.3
202607220742   763  316.9    0.1  323.7    0.4  309.3    0.1   26.8  -99.9    0.0    0.5    1.5    1.5   91.3 1004.8 1009.1   25.3
202607220743   763    0.0    0.0  213.8    0.0  309.3    0.1   26.8  -99.9    0.0    0.5    1.5    1.5   90.8 1004.8 1009.1   25.2
202607220744   763    0.0    0.0  326.5    0.0  309.3    0.1   26.9  -99.9    0.0    0.5    1.5    1.5   90.7 1004.8 1009.1   25.3
202607220745   763    0.0    0.0  312.3    0.0  311.4    0.1   26.9  -99.9    0.0    0.5    1.5    1.5   90.1 1004.8 1009.1   25.1
202607220746   763  301.4    0.2  267.3    0.7  310.2    0.1   27.0  -99.9    0.0    0.5    1.5    1.5   90.2 1004.8 1009.1   25.3
202607220747   763  310.1    0.0  278.6    0.2  310.2    0.1   27.0  -99.9    0.0    0.5    1.5    1.5   89.8 1004.8 1009.1   25.2
202607220748   763  312.4    0.0  326.5    0.2  313.2    0.0   27.1  -99.9    0.0    0.0    1.5    1.5   89.9 1004.8 1009.1   25.3
202607220749   763  325.4    0.0  337.7    0.2  313.2    0.0   27.1  -99.9    0.0    0.0    1.5    1.5   89.3 1004.8 1009.1   25.2
202607220750   763  239.0    0.5  202.6    1.3  296.6    0.1   27.1  -99.9    0.0    0.0    1.5    1.5   89.2 1004.9 1009.2   25.2
202607220751   763  303.3    0.2  323.7    0.9  291.7    0.1   27.1  -99.9    0.0    0.0    1.5    1.5   89.4 1004.9 1009.2   25.2
202607220752   763  274.0    0.4  247.6    0.9  280.0    0.1   27.1  -99.9    0.0    0.0    1.5    1.5   88.6 1004.9 1009.2   25.1
202607220753   763  299.9    0.2  199.8    0.4  284.3    0.2   27.1  -99.9    0.0    0.0    1.5    1.5   88.9 1004.9 1009.2   25.1
202607220754   763  330.8    0.0  298.2    0.2  284.3    0.2   27.0  -99.9    0.0    0.0    1.5    1.5   89.5 1004.9 1009.2   25.1
202607220755   763  292.6    0.2  191.3    0.7  -99.9  -99.9   27.0  -99.9    0.0    0.0    1.5    1.5   90.0 1004.9 1009.2   25.2
202607220756   763  324.9    0.0  281.5    0.3  282.4    0.2   27.0  -99.9    0.0    0.0    1.5    1.5   89.5 1005.0 1009.3   25.1
202607220757   763  317.1    0.0  295.5    0.0  282.4    0.2   27.0  -99.9    0.0    0.0    1.5    1.5   88.9 1005.0 1009.3   25.0
202607220758   763  302.5    0.1  182.8    1.0  286.0    0.2   27.1  -99.9    0.0    0.0    1.5    1.5   89.2 1004.9 1009.2   25.2
202607220759   763  305.2    0.1  180.0    0.9  288.9    0.2   27.1  -99.9    0.0    0.0    1.5    1.5   89.6 1004.9 1009.2   25.2
202607220800   763    0.0    0.0  244.8    0.0  296.3    0.1   27.1  -99.9    0.0    0.0    1.5    1.5   89.0 1004.9 1009.2   25.1
202607220801   763  313.2    0.0  290.0    0.0  294.9    0.1   27.1  -99.9    0.0    0.0    1.5    1.5   88.4 1004.9 1009.2   25.0
202607220802   763  294.9    0.1  332.1    0.6  299.0    0.1   27.1  -99.9    0.0    0.0    1.5    1.5   88.6 1004.9 1009.2   25.1
202607220803   763  271.2    0.3  211.1    1.0  293.4    0.1   27.1  -99.9    0.0    0.0    1.5    1.5   88.6 1004.9 1009.2   25.1
202607220804   763  298.0    0.2  244.8    0.6  294.2    0.1   27.1  -99.9    0.0    0.0    1.5    1.5   88.6 1004.9 1009.2   25.1
202607220805   763  244.5    0.6  216.6    1.6  286.6    0.1   27.1  -99.9    0.0    0.0    1.5    1.5   88.7 1004.8 1009.1   25.1
202607220806   763  328.9    0.1  354.6    0.7  292.7    0.2   27.0  -99.9    0.0    0.0    1.5    1.5   88.5 1004.8 1009.1   24.9
202607220807   763  280.6    0.1  208.3    0.5  291.0    0.2   27.1  -99.9    0.0    0.0    1.5    1.5   88.5 1004.8 1009.1   25.0
202607220808   763  324.9    0.0  315.2    0.1  289.2    0.2   27.1  -99.9    0.0    0.0    1.5    1.5   88.3 1004.8 1009.1   25.0
202607220809   763  322.8    0.0  270.2    0.0  286.3    0.1   27.1  -99.9    0.0    0.0    1.5    1.5   88.4 1004.8 1009.1   25.0
202607220810   763  260.8    0.7  216.6    2.4  282.4    0.2   27.1  -99.9    0.0    0.0    1.5    1.5   88.8 1004.8 1009.1   25.1
202607220811   763  280.7    0.6  222.3    1.2  282.2    0.3   27.1  -99.9    0.0    0.0    1.5    1.5   89.0 1004.8 1009.1   25.1
202607220812   763  296.7    0.4  304.0    1.2  282.4    0.3   27.1  -99.9    0.0    0.0    1.5    1.5   88.9 1004.8 1009.1   25.1
202607220813   763  304.9    0.0  312.3    0.4  284.2    0.3   27.2  -99.9    0.0    0.0    1.5    1.5   89.1 1004.8 1009.1   25.2
202607220814   763  314.7    0.1  216.6    0.5  286.7    0.3   27.3  -99.9    0.0    0.0    1.5    1.5   88.7 1004.8 1009.1   25.3
202607220815   763  302.7    0.1  236.3    0.3  295.0    0.2   27.4  -99.9    0.0    0.0    1.5    1.5   88.1 1004.8 1009.1   25.3
202607220816   763  312.5    0.2  278.6    0.8  292.8    0.2   27.4  -99.9    0.0    0.0    1.5    1.5   87.3 1004.8 1009.1   25.1
202607220817   763  329.1    0.0  309.6    0.1  294.9    0.2   27.4  -99.9    0.0    0.0    1.5    1.5   87.5 1004.8 1009.1   25.1
202607220818   763  319.5    0.1  304.0    0.3  298.5    0.2   27.4  -99.9    0.0    0.0    1.5    1.5   87.5 1004.8 1009.1   25.1
202607220819   763    0.0    0.0  326.5    0.0  298.5    0.2   27.4  -99.9    0.0    0.0    1.5    1.5   87.5 1004.8 1009.1   25.1
202607220820   763  309.0    0.1  281.5    0.5  305.2    0.2   27.4  -99.9    0.0    0.0    1.5    1.5   87.8 1004.8 1009.1   25.2
202607220821   763  265.7    0.3  244.8    1.5  303.3    0.1   27.5  -99.9    0.0    0.0    1.5    1.5   88.2 1004.8 1009.1   25.4
202607220822   763  287.9    0.0  205.5    0.2  304.5    0.1   27.5  -99.9    0.0    0.0    1.5    1.5   88.0 1004.8 1009.1   25.3
202607220823   763    0.0    0.0  236.3    0.0  304.5    0.1   27.5  -99.9    0.0    0.0    1.5    1.5   87.3 1004.8 1009.1   25.2
202607220824   763    0.0    0.0  349.0    0.0  302.3    0.1   27.5  -99.9    0.0    0.0    1.5    1.5   87.7 1004.8 1009.1   25.3
202607220825   763    0.0    0.0  292.7    0.0  302.2    0.1   27.6  -99.9    0.0    0.0    1.5    1.5   87.5 1004.8 1009.1   25.3
202607220826   763  276.0    0.6  281.5    2.5  292.5    0.1   27.6  -99.9    0.0    0.0    1.5    1.5   88.0 1004.8 1009.1   25.4
202607220827   763  288.5    0.1  239.1    0.6  291.7    0.1   27.6  -99.9    0.0    0.0    1.5    1.5   88.4 1004.8 1009.1   25.5
202607220828   763  241.8    0.4  236.3    1.8  276.3    0.2   27.6  -99.9    0.0    0.0    1.5    1.5   87.8 1004.8 1009.1   25.4
202607220829   763  300.6    0.2  191.3    1.3  280.5    0.2   27.5  -99.9    0.0    0.0    1.5    1.5   87.2 1004.8 1009.1   25.2
202607220830   763    0.0    0.0  304.0    0.1  274.7    0.2   27.5  -99.9    0.0    0.0    1.5    1.5   87.5 1004.8 1009.1   25.2
202607220831   763  320.4    0.0  312.3    0.1  277.1    0.1   27.5  -99.9    0.0    0.0    1.5    1.5   88.6 1004.9 1009.2   25.4
202607220832   763  278.2    0.1  267.3    0.6  277.3    0.1   27.5  -99.9    0.0    0.0    1.5    1.5   88.0 1004.9 1009.2   25.3
202607220833   763  310.2    0.0  306.7    0.2  277.3    0.1   27.5  -99.9    0.0    0.0    1.5    1.5   88.1 1004.9 1009.2   25.4
202607220834   763  303.0    0.0  230.0    0.2  277.3    0.1   27.4  -99.9    0.0    0.0    1.5    1.5   88.0 1004.9 1009.2   25.2
202607220835   763  302.7    0.0  191.3    0.1  277.3    0.1   27.4  -99.9    0.0    0.0    1.5    1.5   87.1 1004.8 1009.1   25.1
202607220836   763  323.3    0.0  197.0    0.1  277.7    0.1   27.4  -99.9    0.0    0.0    1.5    1.5   87.3 1004.8 1009.1   25.1
202607220837   763  326.3    0.0  290.0    0.1  273.8    0.1   27.4  -99.9    0.0    0.0    1.5    1.5   87.9 1004.8 1009.1   25.2
202607220838   763  322.3    0.0  287.1    0.0  289.4    0.0   27.4  -99.9    0.0    0.0    1.5    1.5   88.2 1004.8 1009.1   25.3
202607220839   763  260.9    0.6  194.1    1.4  269.6    0.1   27.5  -99.9    0.0    0.0    1.5    1.5   88.8 1004.8 1009.1   25.5
202607220840   763  315.7    0.0  304.0    0.4  269.6    0.1   27.5  -99.9    0.0    0.0    1.5    1.5   88.5 1004.8 1009.1   25.4
202607220841   763  308.7    0.0  304.0    0.3  269.6    0.1   27.5  -99.9    0.0    0.0    1.5    1.5   88.5 1004.8 1009.1   25.4
202607220842   763  320.9    0.0  233.6    0.2  260.9    0.1   27.6  -99.9    0.0    0.0    1.5    1.5   87.7 1004.8 1009.1   25.4
202607220843   763    0.0    0.0  312.3    0.0  260.9    0.1   27.6  -99.9    0.0    0.0    1.5    1.5   87.3 1004.8 1009.1   25.3
202607220844   763  329.6    0.0  301.2    0.1  260.9    0.1   27.6  -99.9    0.0    0.0    1.5    1.5   87.9 1004.8 1009.1   25.4
202607220845   763  290.7    0.1  199.8    0.7  275.8    0.1   27.6  -99.9    0.0    0.0    1.5    1.5   87.6 1004.7 1009.0   25.4
202607220846   763  282.6    0.1  264.6    0.6  278.1    0.1   27.7  -99.9    0.0    0.0    1.5    1.5   87.4 1004.7 1009.0   25.4
202607220847   763  314.9    0.0  326.5    0.4  278.1    0.1   27.7  -99.9    0.0    0.0    1.5    1.5   88.1 1004.7 1009.0   25.6
202607220848   763    0.0    0.0  315.2    0.0  278.1    0.1   27.9  -99.9    0.0    0.0    1.5    1.5   88.0 1004.7 1009.0   25.7
202607220849   763  316.3    0.0  290.0    0.3  286.7    0.0   28.0  -99.9    0.0    0.0    1.5    1.5   86.8 1004.7 1009.0   25.6
202607220850   763  315.0    0.0  244.8    0.6  286.7    0.0   27.9  -99.9    0.0    0.0    1.5    1.5   86.1 1004.7 1009.0   25.4
202607220851   763  322.2    0.0  270.2    0.3  286.7    0.0   27.9  -99.9    0.0    0.0    1.5    1.5   86.1 1004.7 1009.0   25.4
202607220852   763    0.0    0.0  318.0    0.0  286.7    0.0   28.0  -99.9    0.0    0.0    1.5    1.5   85.5 1004.7 1009.0   25.3
202607220853   763  313.7    0.0  306.7    0.2  286.7    0.0   28.0  -99.9    0.0    0.0    1.5    1.5   84.9 1004.7 1009.0   25.2
202607220854   763  322.3    0.0  318.0    0.3  286.7    0.0   28.1  -99.9    0.0    0.0    1.5    1.5   84.5 1004.7 1009.0   25.2
202607220855   763    0.0    0.0  357.5    0.0  282.6    0.0   28.2  -99.9    0.0    0.0    1.5    1.5   84.8 1004.7 1009.0   25.4
202607220856   763  332.8    0.0  306.7    0.2    0.0    0.0   28.2  -99.9    0.0    0.0    1.5    1.5   83.8 1004.7 1009.0   25.2
202607220857   763  312.2    0.0  191.3    0.2    0.0    0.0   28.3  -99.9    0.0    0.0    1.5    1.5   84.4 1004.7 1009.0   25.4
202607220858   763  280.9    0.4  222.3    1.4  280.9    0.0   28.4  -99.9    0.0    0.0    1.5    1.5   84.3 1004.7 1009.0   25.5
202607220859   763  292.1    0.3  211.1    1.1  286.5    0.1   28.3  -99.9    0.0    0.0    1.5    1.5   83.6 1004.6 1008.9   25.3
202607220900   763  301.5    0.2  213.8    0.7  291.5    0.1   28.2  -99.9    0.0    0.0    1.5    1.5   83.9 1004.6 1008.9   25.2
202607220901   763  305.4    0.4  278.6    0.6  295.0    0.1   28.1  -99.9    0.0    0.0    1.5    1.5   83.2 1004.6 1008.9   25.0
202607220902   763  268.1    0.1  258.8    0.3  289.7    0.1   28.2  -99.9    0.0    0.0    1.5    1.5   84.0 1004.6 1008.9   25.2
202607220903   763  255.1    0.8  244.8    1.6  284.0    0.2   28.4  -99.9    0.0    0.0    1.5    1.5   85.5 1004.6 1008.9   25.7
202607220904   763  282.6    0.6  208.3    1.5  283.8    0.3   28.5  -99.9    0.0    0.0    1.5    1.5   83.4 1004.6 1008.9   25.4
202607220905   763  324.3    0.0  287.1    0.3  283.8    0.3   28.4  -99.9    0.0    0.0    1.5    1.5   82.6 1004.6 1008.9   25.2
202607220906   763  313.8    0.0  357.5    0.2  283.8    0.3   28.4  -99.9    0.0    0.0    1.5    1.5   83.2 1004.6 1008.9   25.3
202607220907   763    0.0    0.0  318.0    0.0  283.8    0.3   28.4  -99.9    0.0    0.0    1.5    1.5   82.2 1004.6 1008.9   25.1
202607220908   763  233.2    0.7  208.3    1.6  277.3    0.3   28.5  -99.9    0.0    0.0    1.5    1.5   83.4 1004.6 1008.9   25.4
202607220909   763  292.0    0.4  188.6    1.1  277.2    0.3   28.6  -99.9    0.0    0.0    1.5    1.5   82.8 1004.6 1008.9   25.4
202607220910   763  287.5    0.5  281.5    0.8  275.2    0.4   28.6  -99.9    0.0    0.0    1.5    1.5   82.3 1004.5 1008.8   25.3
202607220911   763  279.6    0.1  315.2    0.4  271.5    0.3   28.8  -99.9    0.0    0.0    1.5    1.5   83.6 1004.5 1008.8   25.7
202607220912   763  291.8    0.4  191.3    1.2  275.0    0.4   28.9  -99.9    0.0    0.0    1.5    1.5   82.0 1004.5 1008.8   25.5
202607220913   763  280.7    0.1  213.8    0.6  278.8    0.3   28.7  -99.9    0.0    0.0    1.5    1.5   80.5 1004.5 1008.8   25.0
202607220914   763  333.8    0.1  349.0    0.7  285.7    0.2   28.6  -99.9    0.0    0.0    1.5    1.5   80.8 1004.5 1008.8   25.0
202607220915   763  317.7    0.2  199.8    0.8  290.0    0.3   28.6  -99.9    0.0    0.0    1.5    1.5   81.4 1004.5 1008.8   25.1
202607220916   763  244.4    0.8  337.7    1.2  284.8    0.3   28.6  -99.9    0.0    0.0    1.5    1.5   82.2 1004.5 1008.8   25.3
202607220917   763  275.6    0.7  304.0    1.2  283.8    0.4   28.8  -99.9    0.0    0.0    1.5    1.5   82.9 1004.5 1008.8   25.6
202607220918   763  252.1    1.1  244.8    1.4  285.3    0.4   28.9  -99.9    0.0    0.0    1.5    1.5   82.0 1004.5 1008.8   25.5
202607220919   763  270.9    0.7  278.6    1.4  283.0    0.5   28.8  -99.9    0.0    0.0    1.5    1.5   80.8 1004.6 1008.9   25.2
202607220920   763  274.5    0.7  191.3    1.6  281.6    0.5   28.8  -99.9    0.0    0.0    1.5    1.5   80.5 1004.6 1008.9   25.1
202607220921   763  311.7    0.3  211.1    1.5  285.0    0.5   28.7  -99.9    0.0    0.0    1.5    1.5   80.2 1004.6 1008.9   25.0
202607220922   763  303.5    0.0  233.6    0.1  284.2    0.5   28.6  -99.9    0.0    0.0    1.5    1.5   79.6 1004.6 1008.9   24.7
202607220923   763  308.6    0.0  191.3    0.2  284.7    0.5   28.6  -99.9    0.0    0.0    1.5    1.5   80.6 1004.6 1008.9   24.9
202607220924   763  283.1    0.0  199.8    0.3  277.8    0.5   28.6  -99.9    0.0    0.0    1.5    1.5   80.4 1004.6 1008.9   24.9
202607220925   763    0.0    0.0  349.0    0.1  271.2    0.4   28.6  -99.9    0.0    0.0    1.5    1.5   80.9 1004.6 1008.9   25.0
202607220926   763  292.1    0.1  346.2    0.4  279.4    0.4   28.8  -99.9    0.0    0.0    1.5    1.5   81.9 1004.6 1008.9   25.4
202607220927   763  317.5    0.0  270.2    0.1  280.2    0.3   28.9  -99.9    0.0    0.0    1.5    1.5   80.9 1004.5 1008.8   25.3
202607220928   763    0.0    0.0  326.5    0.0  287.2    0.2   29.0  -99.9    0.0    0.0    1.5    1.5   80.5 1004.5 1008.8   25.3
202607220929   763  284.4    0.4  267.3    2.2  290.6    0.2   28.9  -99.9    0.0    0.0    1.5    1.5   80.7 1004.5 1008.8   25.3
202607220930   763  267.2    0.9  287.1    1.8  288.8    0.2   28.9  -99.9    0.0    0.0    1.5    1.5   80.6 1004.5 1008.8   25.2
202607220931   763  329.0    0.2  326.5    0.9  292.8    0.2   28.8  -99.9    0.0    0.0    1.5    1.5   78.9 1004.5 1008.8   24.8
202607220932   763  337.2    0.0  332.1    0.0  292.8    0.2   28.6  -99.9    0.0    0.0    1.5    1.5   79.2 1004.5 1008.8   24.6
202607220933   763  283.6    0.2  244.8    0.6  290.8    0.2   28.6  -99.9    0.0    0.0    1.5    1.5   81.0 1004.5 1008.8   25.0
202607220934   763  288.6    0.6  290.0    1.4  290.5    0.2   28.5  -99.9    0.0    0.0    1.5    1.5   80.4 1004.5 1008.8   24.8
202607220935   763  279.5    0.4  219.5    1.0  288.8    0.3   28.5  -99.9    0.0    0.0    1.5    1.5   81.3 1004.5 1008.8   25.0
202607220936   763  300.6    0.4  323.7    1.3  290.1    0.3   28.4  -99.9    0.0    0.0    1.5    1.5   80.8 1004.5 1008.8   24.8
202607220937   763  256.8    0.8  205.5    1.5  285.9    0.4   28.4  -99.9    0.0    0.0    1.5    1.5   81.2 1004.5 1008.8   24.9
202607220938   763  323.9    0.1  318.0    0.5  290.1    0.4   28.5  -99.9    0.0    0.0    1.5    1.5   81.2 1004.5 1008.8   25.0
202607220939   763    0.0    0.0  326.5    0.0  290.9    0.4   28.5  -99.9    0.0    0.0    1.5    1.5   80.9 1004.5 1008.8   24.9
202607220940   763    0.0    0.0  320.8    0.0  294.5    0.3   28.6  -99.9    0.0    0.0    1.5    1.5   81.4 1004.5 1008.8   25.1
202607220941   763    0.0    0.0  332.1    0.0  288.7    0.3   28.7  -99.9    0.0    0.0    1.5    1.5   80.6 1004.5 1008.8   25.0
202607220942   763    0.0    0.0  258.8    0.0  288.7    0.3   28.7  -99.9    0.0    0.0    1.5    1.5   80.7 1004.5 1008.8   25.1
202607220943   763    0.0    0.0  318.0    0.0  289.8    0.2   28.7  -99.9    0.0    0.0    1.5    1.5   80.9 1004.5 1008.8   25.1
202607220944   763    0.0    0.0  334.8    0.0  290.2    0.2   28.6  -99.9    0.0    0.0    1.5    1.5   80.4 1004.5 1008.8   24.9
202607220945   763  293.2    0.4  225.1    1.8  293.9    0.2   28.6  -99.9    0.0    0.0    1.5    1.5   81.0 1004.5 1008.8   25.0
202607220946   763  262.5    0.9  222.3    1.4  283.6    0.2   28.6  -99.9    0.0    0.0    1.5    1.5   81.4 1004.5 1008.8   25.1
202607220947   763  284.1    0.5  180.0    1.5  290.8    0.2   28.7  -99.9    0.0    0.0    1.5    1.5   81.4 1004.5 1008.8   25.2
202607220948   763  321.1    0.0  270.2    0.5  280.0    0.2   28.6  -99.9    0.0    0.0    1.5    1.5   80.5 1004.5 1008.8   24.9
202607220949   763    0.0    0.0  323.7    0.0  280.0    0.2   28.6  -99.9    0.0    0.0    1.5    1.5   80.2 1004.5 1008.8   24.9
202607220950   763  324.8    0.2  211.1    0.9  291.0    0.2   28.5  -99.9    0.0    0.0    1.5    1.5   80.5 1004.5 1008.8   24.8
202607220951   763  333.4    0.0  247.6    0.2  291.0    0.2   28.5  -99.9    0.0    0.0    1.5    1.5   80.7 1004.5 1008.8   24.9
202607220952   763  334.8    0.0  329.2    0.1  291.0    0.2   28.6  -99.9    0.0    0.0    1.5    1.5   81.5 1004.5 1008.8   25.1
202607220953   763  288.8    0.4  242.0    0.8  290.5    0.2   28.6  -99.9    0.0    0.0    1.5    1.5   81.4 1004.5 1008.8   25.1
202607220954   763  300.2    0.5  250.5    0.9  292.2    0.3   28.5  -99.9    0.0    0.0    1.5    1.5   80.8 1004.5 1008.8   24.9
202607220955   763  344.8    0.0  334.8    0.2  292.0    0.3   28.5  -99.9    0.0    0.0    1.5    1.5   81.3 1004.5 1008.8   25.0
202607220956   763    0.0    0.0  337.7    0.0  299.3    0.2   28.4  -99.9    0.0    0.0    1.5    1.5   81.9 1004.5 1008.8   25.0
202607220957   763  334.3    0.0  281.5    0.1  304.5    0.1   28.5  -99.9    0.0    0.0    1.5    1.5   82.1 1004.5 1008.8   25.2
202607220958   763    0.0    0.0  354.6    0.0  304.5    0.1   28.5  -99.9    0.0    0.0    1.5    1.5   81.3 1004.5 1008.8   25.0
202607220959   763  281.4    0.4  267.3    1.2  298.7    0.2   28.5  -99.9    0.0    0.0    1.5    1.5   81.8 1004.5 1008.8   25.1
202607221000   763  274.5    0.7  267.3    1.6  286.2    0.2   28.5  -99.9    0.0    0.0    1.5    1.5   81.7 1004.6 1008.9   25.1
202607221001   763  269.9    0.9  290.0    1.5  282.9    0.3   28.6  -99.9    0.0    0.0    1.5    1.5   82.0 1004.6 1008.9   25.2
202607221002   763  307.4    0.5  281.5    1.4  287.0    0.3   28.7  -99.9    0.0    0.0    1.5    1.5   81.3 1004.5 1008.8   25.2
202607221003   763  296.4    0.2  197.0    0.4  288.3    0.3   28.6  -99.9    0.0    0.0    1.5    1.5   81.4 1004.5 1008.8   25.1
202607221004   763  295.9    0.2  284.2    0.4  287.6    0.3   28.7  -99.9    0.0    0.0    1.5    1.5   81.5 1004.5 1008.8   25.2
202607221005   763  297.3    0.2  323.7    0.4  289.0    0.3   28.7  -99.9    0.0    0.0    1.5    1.5   80.8 1004.5 1008.8   25.1
202607221006   763    0.0    0.0  290.0    0.0  289.0    0.3   28.6  -99.9    0.0    0.0    1.5    1.5   81.0 1004.5 1008.8   25.0
202607221007   763  335.8    0.0  315.2    0.1  289.0    0.3   28.6  -99.9    0.0    0.0    1.5    1.5   79.7 1004.5 1008.8   24.8
202607221008   763    0.0    0.0  357.5    0.0  289.0    0.3   28.5  -99.9    0.0    0.0    1.5    1.5   79.0 1004.5 1008.8   24.5
202607221009   763    0.0    0.0  233.6    0.0  290.3    0.3   28.4  -99.9    0.0    0.0    1.5    1.5   79.4 1004.5 1008.8   24.5
202607221010   763    0.0    0.0  357.5    0.0  293.5    0.2   28.4  -99.9    0.0    0.0    1.5    1.5   80.5 1004.5 1008.8   24.7
202607221011   763    0.0    0.0  304.0    0.0  299.2    0.1   28.4  -99.9    0.0    0.0    1.5    1.5   80.7 1004.5 1008.8   24.8
202607221012   763  308.8    0.0  306.7    0.2  296.5    0.1   28.3  -99.9    0.0    0.0    1.5    1.5   81.0 1004.5 1008.8   24.7
202607221013   763  305.8    0.0  253.3    0.1  296.6    0.0   28.3  -99.9    0.0    0.0    1.5    1.5   81.6 1004.5 1008.8   24.9
202607221014   763    0.0    0.0  354.6    0.0  297.3    0.0   28.3  -99.9    0.0    0.0    1.5    1.5   82.2 1004.5 1008.8   25.0
202607221015   763  320.9    0.0  233.6    0.4    0.0    0.0   28.3  -99.9    0.0    0.0    1.5    1.5   82.0 1004.5 1008.8   24.9
202607221016   763  317.6    0.0  301.2    0.8    0.0    0.0   28.2  -99.9    0.0    0.0    1.5    1.5   82.1 1004.5 1008.8   24.9
202607221017   763  302.6    0.3  292.7    0.8  302.6    0.0   28.3  -99.9    0.0    0.0    1.5    1.5   83.2 1004.4 1008.7   25.2
202607221018   763  320.7    0.0  304.0    0.3  302.6    0.0   28.4  -99.9    0.0    0.0    1.5    1.5   82.9 1004.4 1008.7   25.2
202607221019   763  315.0    0.5  281.5    1.3  308.8    0.1   28.6  -99.9    0.0    0.0    1.5    1.5   83.3 1004.4 1008.7   25.5
202607221020   763  324.7    0.1  225.1    0.4  314.1    0.1   28.8  -99.9    0.0    0.0    1.5    1.5   82.3 1004.4 1008.7   25.5
202607221021   763  267.8    0.7  304.0    1.1  302.9    0.2   29.0  -99.9    0.0    0.0    1.5    1.5   82.1 1004.5 1008.8   25.6
202607221022   763  261.0    0.8  281.5    1.2  294.4    0.2   29.2  -99.9    0.0    0.0    1.5    1.5   80.9 1004.4 1008.7   25.6
202607221023   763  293.0    0.6  301.2    1.5  294.2    0.3   29.2  -99.9    0.0    0.0    1.5    1.5   80.2 1004.4 1008.7   25.4
202607221024   763  311.3    0.1  301.2    0.3  296.8    0.3   29.3  -99.9    0.0    0.0    1.5    1.5   80.3 1004.4 1008.7   25.6
202607221025   763  300.2    0.0  213.8    0.1  296.8    0.3   29.4  -99.9    0.0    0.0    1.5    1.5   80.4 1004.4 1008.7   25.7
202607221026   763  283.5    0.1  320.8    0.4  295.0    0.3   29.7  -99.9    0.0    0.0    1.5    1.5   80.7 1004.4 1008.7   26.0
202607221027   763  321.5    0.2  318.0    0.5  297.4    0.3   29.7  -99.9    0.0    0.0    1.5    1.5   77.1 1004.4 1008.7   25.3
202607221028   763  291.9    0.4  250.5    0.6  296.8    0.4   29.5  -99.9    0.0    0.0    1.5    1.5   76.6 1004.4 1008.7   25.0
202607221029   763  296.5    0.4  357.5    0.8  294.6    0.3   29.5  -99.9    0.0    0.0    1.5    1.5   77.3 1004.4 1008.7   25.1
202607221030   763  290.6    0.2  261.7    0.5  290.8    0.4   29.5  -99.9    0.0    0.0    1.5    1.5   77.5 1004.4 1008.7   25.2
202607221031   763  321.0    0.2  188.6    0.7  296.8    0.3   29.5  -99.9    0.0    0.0    1.5    1.5   77.1 1004.4 1008.7   25.1
202607221032   763  292.5    0.4  180.0    1.1  300.1    0.3   29.5  -99.9    0.0    0.0    1.5    1.5   76.2 1004.4 1008.7   24.9
202607221033   763  333.9    0.1  323.7    0.3  304.6    0.2   29.6  -99.9    0.0    0.0    1.5    1.5   76.5 1004.3 1008.6   25.0
202607221034   763  297.9    0.4  301.2    0.7  303.1    0.2   29.7  -99.9    0.0    0.0    1.5    1.5   77.5 1004.3 1008.6   25.3
202607221035   763  264.8    0.7  219.5    1.8  299.3    0.3   29.8  -99.9    0.0    0.0    1.5    1.5   76.7 1004.3 1008.6   25.3
202607221036   763  282.8    0.5  222.3    1.2  299.3    0.4   29.8  -99.9    0.0    0.0    1.5    1.5   77.2 1004.3 1008.6   25.4
202607221037   763  316.3    0.2  354.6    0.5  298.7    0.4   29.9  -99.9    0.0    0.0    1.5    1.5   77.4 1004.3 1008.6   25.5
202607221038   763  305.9    0.2  233.6    0.7  300.2    0.3   29.9  -99.9    0.0    0.0    1.5    1.5   76.8 1004.3 1008.6   25.4
202607221039   763  278.9    0.4  244.8    0.6  298.4    0.3   29.9  -99.9    0.0    0.0    1.5    1.5   77.2 1004.3 1008.6   25.5
202607221040   763  315.4    0.3  222.3    0.9  301.0    0.3   29.9  -99.9    0.0    0.0    1.5    1.5   76.5 1004.3 1008.6   25.3
202607221041   763  291.5    0.6  244.8    1.0  297.9    0.4   30.0  -99.9    0.0    0.0    1.5    1.5   76.6 1004.3 1008.6   25.4
202607221042   763  275.4    0.5  228.0    1.0  296.2    0.4   30.3  -99.9    0.0    0.0    1.5    1.5   75.3 1004.3 1008.6   25.4
202607221043   763  269.4    0.4  194.1    0.7  289.8    0.4   30.2  -99.9    0.0    0.0    1.5    1.5   72.8 1004.3 1008.6   24.8
202607221044   763  282.5    0.5  247.6    1.0  288.2    0.4   30.2  -99.9    0.0    0.0    1.5    1.5   73.7 1004.3 1008.6   25.0
202607221045   763  273.8    0.8  213.8    1.2  289.0    0.4   30.1  -99.9    0.0    0.0    1.5    1.5   72.5 1004.3 1008.6   24.6
202607221046   763  292.8    0.6  236.3    1.5  290.1    0.5   30.1  -99.9    0.0    0.0    1.5    1.5   72.4 1004.3 1008.6   24.6
202607221047   763  299.6    0.5  211.1    1.0  288.5    0.5   30.0  -99.9    0.0    0.0    1.5    1.5   72.4 1004.3 1008.6   24.5
202607221048   763  255.1    1.0  213.8    1.7  283.4    0.6   30.0  -99.9    0.0    0.0    1.5    1.5   72.8 1004.3 1008.6   24.6
202607221049   763  269.5    1.0  242.0    2.7  282.4    0.6   30.0  -99.9    0.0    0.0    1.5    1.5   72.3 1004.3 1008.6   24.5
202607221050   763  279.6    0.8  326.5    1.0  278.9    0.7   30.0  -99.9    0.0    0.0    1.5    1.5   72.6 1004.2 1008.5   24.5
202607221051   763  252.8    1.5  253.3    2.9  275.0    0.8   30.1  -99.9    0.0    0.0    1.5    1.5   72.8 1004.2 1008.5   24.7
202607221052   763  249.3    1.3  233.6    2.4  272.4    0.8   30.2  -99.9    0.0    0.0    1.5    1.5   72.1 1004.3 1008.6   24.6
202607221053   763  265.7    0.8  225.1    1.7  272.0    0.9   30.1  -99.9    0.0    0.0    1.5    1.5   71.5 1004.3 1008.6   24.4
202607221054   763  257.1    0.9  239.1    3.1  269.4    0.9   30.0  -99.9    0.0    0.0    1.5    1.5   72.5 1004.3 1008.6   24.5
202607221055   763  275.7    0.8  225.1    3.0  269.6    0.9   30.0  -99.9    0.0    0.0    1.5    1.5   72.7 1004.2 1008.5   24.6
202607221056   763  284.7    0.4  197.0    0.9  268.8    0.9   30.1  -99.9    0.0    0.0    1.5    1.5   72.3 1004.2 1008.5   24.6
202607221057   763  311.6    0.4  287.1    1.3  269.8    0.9   30.0  -99.9    0.0    0.0    1.5    1.5   72.4 1004.2 1008.5   24.5
202607221058   763  252.6    0.9  213.8    1.2  269.6    0.9   30.1  -99.9    0.0    0.0    1.5    1.5   72.5 1004.3 1008.6   24.6
202607221059   763  331.3    0.2  323.7    0.6  275.2    0.8   30.1  -99.9    0.0    0.0    1.5    1.5   72.0 1004.3 1008.6   24.5
202607221100   763  267.6    0.5  270.2    1.1  273.8    0.8   30.2  -99.9    0.0    0.0    1.5    1.5   72.6 1004.3 1008.6   24.7
202607221101   763  253.6    1.4  309.6    2.3  273.9    0.8   30.4  -99.9    0.0    0.0    1.5    1.5   72.4 1004.3 1008.6   24.9
202607221102   763  271.6    0.7  264.6    1.8  276.3    0.7   30.5  -99.9    0.0    0.0    1.5    1.5   71.2 1004.3 1008.6   24.7
202607221103   763  255.1    0.7  292.7    1.1  275.2    0.7   30.5  -99.9    0.0    0.0    1.5    1.5   71.7 1004.3 1008.6   24.8
202607221104   763  307.2    0.5  213.8    1.6  280.5    0.7   30.5  -99.9    0.0    0.0    1.5    1.5   70.9 1004.3 1008.6   24.6
202607221105   763  243.8    0.9  188.6    1.6  277.2    0.7   30.5  -99.9    0.0    0.0    1.5    1.5   71.7 1004.3 1008.6   24.8
202607221106   763  263.3    0.7  199.8    1.2  274.8    0.7   30.4  -99.9    0.0    0.0    1.5    1.5   71.4 1004.3 1008.6   24.6
202607221107   763  283.3    0.3  295.5    0.4  271.9    0.7   30.3  -99.9    0.0    0.0    1.5    1.5   70.6 1004.3 1008.6   24.4
202607221108   763  278.4    0.5  357.5    0.9  274.7    0.6   30.1  -99.9    0.0    0.0    1.5    1.5   70.7 1004.3 1008.6   24.2
202607221109   763  302.8    0.2  267.3    0.3  272.5    0.6   30.0  -99.9    0.0    0.0    1.5    1.5   72.0 1004.3 1008.6   24.4
202607221110   763  242.0    1.3  261.7    3.3  269.9    0.7   30.0  -99.9    0.0    0.0    1.5    1.5   72.6 1004.3 1008.6   24.5
202607221111   763  234.1    1.3  222.3    3.0  268.0    0.7   30.2  -99.9    0.0    0.0    1.5    1.5   72.3 1004.3 1008.6   24.7
202607221112   763  265.6    0.8  180.0    1.1  267.3    0.7   30.2  -99.9    0.0    0.0    1.5    1.5   72.1 1004.3 1008.6   24.6
202607221113   763  249.5    1.1  244.8    1.7  266.7    0.8   30.2  -99.9    0.0    0.0    1.5    1.5   72.3 1004.3 1008.6   24.7
202607221114   763  266.3    0.7  239.1    1.3  262.7    0.8   30.4  -99.9    0.0    0.0    1.5    1.5   72.2 1004.3 1008.6   24.8
202607221115   763  294.1    0.3  182.8    0.8  267.9    0.7   30.5  -99.9    0.0    0.0    1.5    1.5   71.4 1004.3 1008.6   24.7
202607221116   763  299.9    0.4  244.8    0.8  271.7    0.7   30.4  -99.9    0.0    0.0    1.5    1.5   71.3 1004.3 1008.6   24.6
202607221117   763  290.1    0.4  236.3    0.6  272.4    0.7   30.4  -99.9    0.0    0.0    1.5    1.5   71.5 1004.3 1008.6   24.7
202607221118   763  263.6    0.7  334.8    1.2  270.8    0.7   30.4  -99.9    0.0    0.0    1.5    1.5   72.2 1004.3 1008.6   24.8
202607221119   763  283.6    0.3  188.6    0.5  268.9    0.7   30.5  -99.9    0.0    0.0    1.5    1.5   71.2 1004.2 1008.5   24.7
202607221120   763  302.1    0.4  244.8    0.8  275.1    0.6   30.5  -99.9    0.0    0.0    1.5    1.5   71.6 1004.2 1008.5   24.8
202607221121   763  308.2    0.3  315.2    0.7  282.4    0.5   30.6  -99.9    0.0    0.0    1.5    1.5   71.8 1004.2 1008.5   24.9
202607221122   763  239.2    0.7  180.0    1.3  279.9    0.5   30.7  -99.9    0.0    0.0    1.5    1.5   72.1 1004.2 1008.4   25.1
202607221123   763  303.3    0.3  185.8    1.2  285.5    0.5   30.8  -99.9    0.0    0.0    1.5    1.5   72.0 1004.2 1008.4   25.2
202607221124   763  253.8    0.8  253.3    1.5  284.3    0.5   30.8  -99.9    0.0    0.0    1.5    1.5   71.6 1004.2 1008.4   25.1
202607221125   763  263.6    1.1  309.6    2.3  281.0    0.5   30.8  -99.9    0.0    0.0    1.5    1.5   71.1 1004.2 1008.4   25.0
202607221126   763  273.5    0.5  318.0    0.9  278.2    0.6   30.7  -99.9    0.0    0.0    1.5    1.5   70.1 1004.2 1008.4   24.6
202607221127   763  243.1    0.6  191.3    1.5  273.3    0.6   30.5  -99.9    0.0    0.0    1.5    1.5   69.8 1004.2 1008.5   24.4
202607221128   763  269.6    0.8  258.8    2.0  274.0    0.6   30.4  -99.9    0.0    0.0    1.5    1.5   71.1 1004.1 1008.4   24.6
202607221129   763  261.1    1.2  180.0    2.6  271.5    0.7   30.4  -99.9    0.0    0.0    1.5    1.5   71.3 1004.1 1008.4   24.6
202607221130   763  280.0    0.4  230.0    0.7  269.3    0.7   30.4  -99.9    0.0    0.0    1.5    1.5   69.7 1004.1 1008.4   24.2
202607221131   763  238.6    1.2  233.6    2.2  262.4    0.8   30.3  -99.9    0.0    0.0    1.5    1.5   69.9 1004.1 1008.4   24.2
202607221132   763  265.2    0.7  264.6    1.9  265.0    0.8   30.3  -99.9    0.0    0.0    1.5    1.5   70.7 1004.1 1008.4   24.4
202607221133   763  277.3    0.8  253.3    1.2  262.6    0.8   30.3  -99.9    0.0    0.0    1.5    1.5   71.1 1004.1 1008.4   24.5
202607221134   763  251.0    1.4  247.6    2.1  262.4    0.9   30.5  -99.9    0.0    0.0    1.5    1.5   70.8 1004.1 1008.4   24.6
202607221135   763  243.6    1.0  284.2    1.5  260.3    0.9   30.6  -99.9    0.0    0.0    1.5    1.5   70.9 1004.1 1008.4   24.7
202607221136   763  285.5    0.4  273.0    0.8  261.5    0.9   30.8  -99.9    0.0    0.0    1.5    1.5   70.7 1004.0 1008.2   24.9
202607221137   763  244.7    0.9  205.5    1.2  261.7    0.9   31.0  -99.9    0.0    0.0    1.5    1.5   70.0 1004.0 1008.2   24.9
202607221138   763  292.9    0.5  213.8    1.3  264.0    0.9   31.1  -99.9    0.0    0.0    1.5    1.5   68.4 1004.0 1008.2   24.6
202607221139   763  241.0    1.0  208.3    2.2  261.9    0.8   31.1  -99.9    0.0    0.0    1.5    1.5   68.6 1004.0 1008.2   24.7
202607221140   763  289.4    0.6  278.6    0.9  262.8    0.9   31.2  -99.9    0.0    0.0    1.5    1.5   68.7 1004.0 1008.2   24.8
202607221141   763  253.5    0.5  199.8    1.0  264.3    0.8   31.5  -99.9    0.0    0.0    1.5    1.5   69.4 1004.0 1008.2   25.2
202607221142   763  286.6    0.7  273.0    1.9  266.5    0.8   31.5  -99.9    0.0    0.0    1.5    1.5   68.4 1004.0 1008.2   25.0
202607221143   763  277.6    0.7  250.5    1.4  266.6    0.8   31.5  -99.9    0.0    0.0    1.5    1.5   67.4 1004.0 1008.2   24.7
202607221144   763  299.9    0.3  264.6    0.8  271.6    0.7   31.4  -99.9    0.0    0.0    1.5    1.5   67.2 1004.0 1008.2   24.6
202607221145   763  249.6    0.5  211.1    0.7  272.2    0.6   31.5  -99.9    0.0    0.0    1.5    1.5   69.0 1004.0 1008.2   25.1
202607221146   763  276.2    0.5  290.0    1.0  271.2    0.6   31.7  -99.9    0.0    0.0    1.5    1.5   66.8 1004.0 1008.2   24.8
202607221147   763  237.9    1.3  242.0    2.1  270.6    0.7   31.6  -99.9    0.0    0.0    1.5    1.5   66.6 1004.0 1008.2   24.6
202607221148   763  247.4    0.5  213.8    1.0  265.8    0.7   31.4  -99.9    0.0    0.0    1.5    1.5   66.7 1004.0 1008.2   24.5
202607221149   763  256.4    0.5  213.8    1.0  267.4    0.6   31.3  -99.9    0.0    0.0    1.5    1.5   66.5 1003.9 1008.1   24.3
202607221150   763  282.3    0.6  213.8    1.1  266.7    0.6   31.3  -99.9    0.0    0.0    1.5    1.5   67.2 1004.0 1008.2   24.5
202607221151   763  267.4    0.9  247.6    1.3  268.1    0.7   31.3  -99.9    0.0    0.0    1.5    1.5   67.4 1003.9 1008.1   24.5
202607221152   763  244.5    0.7  197.0    1.7  263.8    0.7   31.5  -99.9    0.0    0.0    1.5    1.5   67.6 1003.9 1008.1   24.8
202607221153   763  246.7    1.3  275.7    2.7  260.6    0.7   31.5  -99.9    0.0    0.0    1.5    1.5   66.8 1003.9 1008.1   24.6
202607221154   763  243.9    0.5  188.6    0.8  255.1    0.7   31.5  -99.9    0.0    0.0    1.5    1.5   66.6 1003.9 1008.1   24.5
202607221155   763  262.6    0.7  275.7    1.1  256.5    0.8   31.5  -99.9    0.0    0.0    1.5    1.5   66.6 1003.9 1008.1   24.5
202607221156   763  271.6    0.4  180.0    0.9  256.0    0.7   31.5  -99.9    0.0    0.0    1.5    1.5   65.8 1003.9 1008.1   24.3
202607221157   763  267.4    0.5  230.0    0.9  259.0    0.7   31.5  -99.9    0.0    0.0    1.5    1.5   66.2 1003.9 1008.1   24.4
202607221158   763  252.6    0.6  290.0    1.2  259.5    0.7   31.5  -99.9    0.0    0.0    1.5    1.5   65.6 1003.9 1008.1   24.3
202607221159   763  266.4    0.6  228.0    1.6  260.5    0.7   31.4  -99.9    0.0    0.0    1.5    1.5   66.4 1003.8 1008.0   24.4
202607221200   763  257.0    0.8  199.8    1.4  258.0    0.7   31.6  -99.9    0.0    0.0    1.5    1.5   66.7 1003.8 1008.0   24.7
202607221201   763  242.6    0.6  182.8    1.3  255.5    0.7   31.6  -99.9    0.0    0.0    1.5    1.5   65.8 1003.8 1008.0   24.4
202607221202   763  255.0    0.7  256.1    1.6  256.6    0.7   31.4  -99.9    0.0    0.0    1.5    1.5   65.7 1003.8 1008.0   24.2
202607221203   763  286.2    0.5  287.1    1.3  260.5    0.6   31.2  -99.9    0.0    0.0    1.5    1.5   65.9 1003.9 1008.1   24.1
202607221204   763  254.7    0.7  202.6    1.7  261.6    0.6   31.0  -99.9    0.0    0.0    1.5    1.5   67.4 1003.9 1008.1   24.3
202607221205   763  271.6    0.5  202.6    1.7  262.5    0.6   31.0  -99.9    0.0    0.0    1.5    1.5   67.3 1003.9 1008.1   24.2
202607221206   763  251.9    0.7  205.5    1.3  260.5    0.6   31.1  -99.9    0.0    0.0    1.5    1.5   67.4 1003.9 1008.1   24.4
202607221207   763  280.0    0.5  182.8    1.7  261.7    0.6   31.2  -99.9    0.0    0.0    1.5    1.5   67.6 1003.9 1008.1   24.5
202607221208   763  258.4    0.5  213.8    0.8  262.3    0.6   31.2  -99.9    0.0    0.0    1.5    1.5   66.8 1003.9 1008.1   24.3
202607221209   763  271.3    0.5  208.3    1.2  262.8    0.6   31.3  -99.9    0.0    0.0    1.5    1.5   67.0 1003.9 1008.1   24.4
202607221210   763  269.3    0.8  236.3    1.6  264.1    0.6   31.4  -99.9    0.0    0.0    1.5    1.5   67.0 1003.9 1008.1   24.5
202607221211   763  260.2    0.6  247.6    1.8  265.8    0.6   31.7  -99.9    0.0    0.0    1.5    1.5   66.8 1003.9 1008.1   24.8
202607221212   763  252.9    0.5  197.0    1.1  265.6    0.6   31.8  -99.9    0.0    0.0    1.5    1.5   64.8 1003.9 1008.1   24.4
202607221213   763  239.5    0.6  199.8    1.0  261.0    0.6   31.6  -99.9    0.0    0.0    1.5    1.5   64.9 1003.9 1008.1   24.2
202607221214   763  311.6    0.4  194.1    0.8  266.3    0.6   31.5  -99.9    0.0    0.0    1.5    1.5   65.1 1003.9 1008.1   24.2
202607221215   763  280.8    0.8  208.3    3.0  267.3    0.6   31.2  -99.9    0.0    0.0    1.5    1.5   65.3 1003.9 1008.1   23.9
202607221216   763  229.4    1.0  267.3    2.1  265.1    0.6   31.1  -99.9    0.0    0.0    1.5    1.5   66.3 1003.9 1008.1   24.1
202607221217   763  254.5    0.5  188.6    1.0  262.4    0.6   31.1  -99.9    0.0    0.0    1.5    1.5   66.3 1003.8 1008.0   24.1
202607221218   763  230.7    1.4  194.1    2.9  259.6    0.7   31.0  -99.9    0.0    0.0    1.5    1.5   66.0 1003.8 1008.0   23.9
202607221219   763  248.5    0.9  225.1    1.4  257.1    0.8   31.0  -99.9    0.0    0.0    1.5    1.5   66.8 1003.8 1008.0   24.1
202607221220   763  316.9    0.4  309.6    0.8  261.4    0.7   30.9  -99.9    0.0    0.0    1.5    1.5   67.0 1003.7 1007.9   24.1
202607221221   763  266.7    1.0  244.8    3.1  262.1    0.8   30.9  -99.9    0.0    0.0    1.5    1.5   67.6 1003.7 1007.9   24.2
202607221222   763  247.4    0.8  199.8    1.7  261.5    0.8   30.8  -99.9    0.0    0.0    1.5    1.5   66.9 1003.7 1007.9   23.9
202607221223   763  242.1    0.5  264.6    1.6  261.8    0.8   30.7  -99.9    0.0    0.0    1.5    1.5   67.6 1003.7 1007.9   24.0
202607221224   763  239.0    0.9  256.1    1.8  254.5    0.8   30.8  -99.9    0.0    0.0    1.5    1.5   68.1 1003.8 1008.0   24.2
202607221225   763  231.6    0.8  180.0    2.1  249.3    0.8   30.8  -99.9    0.0    0.0    1.5    1.5   68.0 1003.8 1008.0   24.2
202607221226   763  272.6    0.5  194.1    1.1  253.9    0.8   30.7  -99.9    0.0    0.0    1.5    1.5   68.1 1003.7 1007.9   24.1
202607221227   763  254.1    0.9  197.0    2.4  253.9    0.8   30.7  -99.9    0.0    0.0    1.5    1.5   68.4 1003.7 1007.9   24.2
202607221228   763  273.6    0.8  264.6    1.3  258.4    0.8   30.7  -99.9    0.0    0.0    1.5    1.5   68.6 1003.7 1007.9   24.3
202607221229   763  261.1    0.5  233.6    0.9  259.8    0.7   30.8  -99.9    0.0    0.0    1.5    1.5   70.6 1003.7 1007.9   24.8
202607221230   763  285.7    0.8  275.7    1.2  257.4    0.8   31.0  -99.9    0.0    0.0    1.5    1.5   69.8 1003.7 1007.9   24.8
202607221231   763  250.2    1.4  228.0    2.3  255.7    0.8   31.3  -99.9    0.0    0.0    1.5    1.5   69.4 1003.7 1007.9   25.0
202607221232   763  244.3    1.3  222.3    1.8  255.3    0.8   31.6  -99.9    0.0    0.0    1.5    1.5   67.7 1003.6 1007.8   24.9
202607221233   763  270.8    0.6  250.5    1.7  258.3    0.9   31.7  -99.9    0.0    0.0    1.5    1.5   67.1 1003.7 1007.9   24.9
202607221234   763  223.9    0.9  258.8    1.7  256.9    0.9   31.7  -99.9    0.0    0.0    1.5    1.5   65.9 1003.6 1007.8   24.6
202607221235   763  275.7    0.6  298.2    0.8  261.4    0.8   31.6  -99.9    0.0    0.0    1.5    1.5   64.9 1003.6 1007.8   24.2
202607221236   763  267.5    0.8  273.0    1.2  260.9    0.9   31.5  -99.9    0.0    0.0    1.5    1.5   66.4 1003.7 1007.9   24.5
202607221237   763  269.8    0.5  233.6    1.1  262.5    0.8   31.4  -99.9    0.0    0.0    1.5    1.5   66.5 1003.7 1007.9   24.4
202607221238   763  245.2    0.9  233.6    2.4  259.6    0.8   31.3  -99.9    0.0    0.0    1.5    1.5   66.7 1003.7 1007.9   24.4
202607221239   763  254.8    0.9  312.3    1.8  258.9    0.9   31.3  -99.9    0.0    0.0    1.5    1.5   66.4 1003.7 1007.9   24.3
202607221240   763  275.3    1.2  312.3    2.1  257.9    0.9   31.3  -99.9    0.0    0.0    1.5    1.5   66.6 1003.7 1007.9   24.3
202607221241   763  255.7    0.8  213.8    1.6  258.5    0.9   31.3  -99.9    0.0    0.0    1.5    1.5   66.0 1003.7 1007.9   24.2
202607221242   763  250.0    1.1  242.0    2.1  259.0    0.8   31.3  -99.9    0.0    0.0    1.5    1.5   66.5 1003.7 1007.9   24.3
202607221243   763  262.9    0.9  258.8    1.8  258.2    0.9   31.4  -99.9    0.0    0.0    1.5    1.5   67.0 1003.7 1007.9   24.5
202607221244   763  235.3    1.9  219.5    3.0  259.3    1.0   31.4  -99.9    0.0    0.0    1.5    1.5   66.3 1003.6 1007.8   24.4
202607221245   763  250.7    1.3  242.0    2.2  256.7    1.0   31.4  -99.9    0.0    0.0    1.5    1.5   66.5 1003.6 1007.8   24.4
202607221246   763  272.0    1.5  292.7    3.0  257.2    1.1   31.7  -99.9    0.0    0.0    1.5    1.5   66.3 1003.6 1007.8   24.7
202607221247   763  250.3    1.5  253.3    2.4  255.2    1.2   31.9  -99.9    0.0    0.0    1.5    1.5   65.6 1003.6 1007.8   24.7
202607221248   763  245.2    1.2  281.5    2.4  255.2    1.2   32.1  -99.9    0.0    0.0    1.5    1.5   65.3 1003.6 1007.8   24.8
202607221249   763  256.6    1.2  275.7    2.4  255.4    1.3   32.3  -99.9    0.0    0.0    1.5    1.5   64.0 1003.6 1007.8   24.6
202607221250   763  261.2    1.2  267.3    2.3  254.0    1.3   32.4  -99.9    0.0    0.0    1.5    1.5   63.8 1003.6 1007.8   24.7
202607221251   763  247.6    1.5  267.3    2.3  253.2    1.3   32.7  -99.9    0.0    0.0    1.5    1.5   62.7 1003.5 1007.7   24.7
202607221252   763  274.6    1.0  258.8    2.4  255.6    1.3   32.5  -99.9    0.0    0.0    1.5    1.5   61.6 1003.5 1007.7   24.2
202607221253   763  254.9    1.7  242.0    3.7  254.8    1.4   32.4  -99.9    0.0    0.0    1.5    1.5   62.6 1003.5 1007.7   24.4
202607221254   763  231.3    1.3  244.8    3.4  254.4    1.3   32.2  -99.9    0.0    0.0    1.5    1.5   62.5 1003.5 1007.7   24.1
202607221255   763  311.7    0.3  329.2    0.5  260.0    1.2   32.2  -99.9    0.0    0.0    1.5    1.5   63.9 1003.5 1007.7   24.5
202607221256   763  248.4    1.2  247.6    1.9  257.5    1.2   32.4  -99.9    0.0    0.0    1.5    1.5   63.5 1003.5 1007.7   24.6
202607221257   763  246.8    1.2  191.3    2.5  257.1    1.2   32.6  -99.9    0.0    0.0    1.5    1.5   62.3 1003.5 1007.7   24.5
202607221258   763  251.1    1.1  247.6    2.3  257.7    1.2   32.5  -99.9    0.0    0.0    1.5    1.5   62.3 1003.5 1007.7   24.4
202607221259   763  262.9    1.4  281.5    2.7  258.4    1.2   32.4  -99.9    0.0    0.0    1.5    1.5   61.9 1003.5 1007.7   24.2
202607221300   763  244.4    0.9  244.8    1.9  256.6    1.2   32.2  -99.9    0.0    0.0    1.5    1.5   62.3 1003.4 1007.6   24.1
202607221301   763  252.3    0.8  208.3    1.5  257.1    1.1   31.9  -99.9    0.0    0.0    1.5    1.5   62.6 1003.5 1007.7   23.9
202607221302   763  226.7    1.2  216.6    2.0  252.2    1.1   31.7  -99.9    0.0    0.0    1.5    1.5   63.6 1003.5 1007.7   24.0
202607221303   763  268.9    1.1  233.6    1.9  253.6    1.1   31.6  -99.9    0.0    0.0    1.5    1.5   63.3 1003.5 1007.7   23.8
202607221304   763  257.5    0.9  284.2    1.3  256.4    1.0   31.6  -99.9    0.0    0.0    1.5    1.5   63.4 1003.5 1007.7   23.8
202607221305   763  257.8    1.5  242.0    3.3  251.7    1.1   31.5  -99.9    0.0    0.0    1.5    1.5   63.1 1003.5 1007.7   23.6
202607221306   763  260.4    1.3  301.2    2.5  252.9    1.1   31.4  -99.9    0.0    0.0    1.5    1.5   63.8 1003.5 1007.7   23.7
202607221307   763  273.2    0.8  287.1    1.7  255.6    1.1   31.4  -99.9    0.0    0.0    1.5    1.5   64.7 1003.5 1007.7   24.0
202607221308   763  267.7    1.1  233.6    2.2  257.3    1.1   31.3  -99.9    0.0    0.0    1.5    1.5   65.0 1003.5 1007.7   23.9
202607221309   763  249.8    0.7  281.5    1.3  256.0    1.0   31.3  -99.9    0.0    0.0    1.5    1.5   65.3 1003.5 1007.7   24.0
202607221310   763  288.2    0.4  278.6    0.9  260.3    1.0   31.2  -99.9    0.0    0.0    1.5    1.5   65.4 1003.5 1007.7   23.9
202607221311   763  262.2    0.5  202.6    0.8  261.3    1.0   31.1  -99.9    0.0    0.0    1.5    1.5   66.1 1003.5 1007.7   24.0
202607221312   763  275.1    0.9  281.5    1.2  266.0    0.9   31.0  -99.9    0.0    0.0    1.5    1.5   66.8 1003.5 1007.7   24.1
202607221313   763  274.5    1.0  270.2    2.2  266.6    0.9   31.0  -99.9    0.0    0.0    1.5    1.5   67.8 1003.5 1007.7   24.4
202607221314   763  263.5    1.2  208.3    1.5  267.2    0.9   31.1  -99.9    0.0    0.0    1.5    1.5   68.2 1003.5 1007.7   24.6
202607221315   763  263.0    0.9  242.0    1.3  267.7    0.9   31.0  -99.9    0.0    0.0    1.5    1.5   68.3 1003.5 1007.7   24.5
202607221316   763  280.9    0.5  275.7    0.9  269.8    0.8   30.9  -99.9    0.0    0.0    1.5    1.5   69.2 1003.5 1007.7   24.6
202607221317   763  263.7    0.9  216.6    1.9  268.9    0.8   30.9  -99.9    0.0    0.0    1.5    1.5   69.7 1003.4 1007.6   24.7
202607221318   763  295.0    0.5  290.0    0.8  271.6    0.8   31.1  -99.9    0.0    0.0    1.5    1.5   69.7 1003.4 1007.6   24.9
202607221319   763  287.5    0.4  273.0    0.7  275.3    0.7   31.2  -99.9    0.0    0.0    1.5    1.5   69.7 1003.4 1007.6   25.0
202607221320   763  280.3    0.6  357.5    0.8  274.5    0.7   31.2  -99.9    0.0    0.0    1.5    1.5   69.4 1003.4 1007.6   24.9
202607221321   763  306.9    0.3  256.1    0.6  279.0    0.7   31.2  -99.9    0.0    0.0    1.5    1.5   69.8 1003.4 1007.6   25.0
202607221322   763  276.2    0.6  225.1    1.0  279.1    0.7   31.3  -99.9    0.0    0.0    1.5    1.5   69.7 1003.4 1007.6   25.1
202607221323   763  311.5    0.4  332.1    0.9  282.8    0.6   31.4  -99.9    0.0    0.0    1.5    1.5   69.8 1003.4 1007.6   25.2
202607221324   763  284.5    0.9  315.2    2.3  284.9    0.6   31.6  -99.9    0.0    0.0    1.5    1.5   69.0 1003.4 1007.6   25.2
202607221325   763  268.8    2.0  290.0    3.1  285.5    0.7   31.8  -99.9    0.0    0.0    1.5    1.5   67.8 1003.4 1007.6   25.1
202607221326   763  259.1    1.3  256.1    1.9  283.3    0.8   31.7  -99.9    0.0    0.0    1.5    1.5   67.6 1003.4 1007.6   25.0
202607221327   763  273.8    1.4  278.6    2.9  284.3    0.8   31.7  -99.9    0.0    0.0    1.5    1.5   67.4 1003.4 1007.6   24.9
202607221328   763  260.5    2.2  281.5    4.1  280.8    1.0   31.7  -99.9    0.0    0.0    1.5    1.5   66.5 1003.4 1007.6   24.7
202607221329   763  273.2    1.1  278.6    1.8  279.3    1.1   31.5  -99.9    0.0    0.0    1.5    1.5   66.9 1003.4 1007.6   24.6
202607221330   763  276.0    0.9  281.5    1.5  278.8    1.1   31.7  -99.9    0.0    0.0    1.5    1.5   68.3 1003.3 1007.5   25.1
202607221331   763  229.9    0.7  185.8    1.3  271.4    1.2   32.0  -99.9    0.0    0.0    1.5    1.5   68.4 1003.3 1007.5   25.5
202607221332   763  269.3    1.6  247.6    2.5  270.7    1.3   32.1  -99.9    0.0    0.0    1.5    1.5   67.7 1003.3 1007.5   25.4
202607221333   763  296.4    1.1  281.5    1.6  269.3    1.3   32.4  -99.9    0.0    0.0    1.5    1.5   67.5 1003.3 1007.5   25.6
202607221334   763  253.6    2.1  236.3    3.2  266.2    1.4   32.2  -99.9    0.0    0.0    1.5    1.5   67.0 1003.3 1007.5   25.3
202607221335   763  287.7    1.8  312.3    3.1  268.1    1.4   31.8  -99.9    0.0    0.0    1.5    1.5   66.7 1003.3 1007.5   24.8
202607221336   763  284.1    2.2  256.1    3.4  270.7    1.5   31.7  -99.9    0.0    0.0    1.5    1.5   68.4 1003.3 1007.5   25.2
202607221337   763  281.9    1.5  290.0    3.2  271.5    1.5   31.8  -99.9    0.0    0.0    1.5    1.5   68.3 1003.3 1007.5   25.2
202607221338   763  277.7    0.9  292.7    1.7  273.3    1.4   31.7  -99.9    0.0    0.0    1.5    1.5   68.2 1003.3 1007.5   25.1
202607221339   763  268.2    1.0  334.8    1.9  272.8    1.4   31.7  -99.9    0.0    0.0    1.5    1.5   68.4 1003.3 1007.5   25.2
202607221340   763  261.0    1.6  256.1    2.2  271.2    1.5   31.8  -99.9    0.0    0.0    1.5    1.5   69.1 1003.3 1007.5   25.4
202607221341   763  247.0    1.1  270.2    1.9  272.7    1.5   31.9  -99.9    0.0    0.0    1.5    1.5   68.0 1003.3 1007.5   25.3
202607221342   763  256.1    0.6  225.1    1.0  271.4    1.4   31.9  -99.9    0.0    0.0    1.5    1.5   68.5 1003.3 1007.5   25.4
202607221343   763  261.7    1.7  275.7    2.6  267.9    1.5   31.9  -99.9    0.0    0.0    1.5    1.5   67.6 1003.3 1007.5   25.2
202607221344   763  260.6    1.1  290.0    1.6  268.6    1.4   31.7  -99.9    0.0    0.0    1.5    1.5   67.9 1003.3 1007.5   25.1
202607221345   763  271.0    1.6  290.0    2.6  266.9    1.3   31.6  -99.9    0.0    0.0    1.5    1.5   68.1 1003.3 1007.5   25.0
202607221346   763  251.4    0.9  199.8    1.7  263.6    1.2   31.3  -99.9    0.0    0.0    1.5    1.5   68.5 1003.3 1007.5   24.8
202607221347   763  238.2    0.9  236.3    1.7  259.3    1.1   31.3  -99.9    0.0    0.0    1.5    1.5   69.0 1003.3 1007.5   24.9
202607221348   763  270.3    1.4  290.0    2.3  258.6    1.2   31.1  -99.9    0.0    0.0    1.5    1.5   68.8 1003.2 1007.4   24.7
202607221349   763  269.2    1.4  261.7    2.1  258.7    1.2   30.9  -99.9    0.0    0.0    1.5    1.5   69.0 1003.2 1007.4   24.6
202607221350   763  297.8    0.7  253.3    1.7  262.2    1.1   30.8  -99.9    0.0    0.0    1.5    1.5   69.7 1003.2 1007.4   24.6
202607221351   763  274.9    0.9  278.6    1.5  265.1    1.1   30.7  -99.9    0.0    0.0    1.5    1.5   69.6 1003.2 1007.4   24.5
202607221352   763  312.7    0.2  281.5    0.6  270.5    1.1   30.6  -99.9    0.0    0.0    1.5    1.5   70.2 1003.2 1007.4   24.6
202607221353   763  290.0    0.3  312.3    0.6  273.5    0.9   30.6  -99.9    0.0    0.0    1.5    1.5   71.4 1003.2 1007.4   24.8
202607221354   763  267.0    0.2  278.6    0.4  274.2    0.9   30.5  -99.9    0.0    0.0    1.5    1.5   71.4 1003.3 1007.5   24.7
202607221355   763  223.7    0.8  188.6    1.5  269.6    0.8   30.5  -99.9    0.0    0.0    1.5    1.5   71.9 1003.3 1007.5   24.9
202607221356   763  240.6    0.9  180.0    1.9  268.5    0.8   30.5  -99.9    0.0    0.0    1.5    1.5   71.9 1003.4 1007.6   24.9
202607221357   763  268.6    1.0  315.2    1.8  271.7    0.8   30.4  -99.9    0.0    0.0    1.5    1.5   72.7 1003.4 1007.7   25.0
202607221358   763  242.4    0.8  236.3    1.4  268.8    0.7   30.5  -99.9    0.0    0.0    1.5    1.5   72.2 1003.5 1007.7   24.9
202607221359   763  255.5    0.9  244.8    1.8  267.2    0.7   30.5  -99.9    0.0    0.0    1.5    1.5   73.6 1003.6 1007.8   25.3
202607221400   763  252.4    1.2  258.8    1.9  262.4    0.7   30.3  -99.9    0.0    0.0    1.5    1.5   74.9 1003.7 1008.0   25.4
202607221401   763  238.8    1.9  242.0    3.6  258.5    0.8   29.9  -99.9    0.0    0.0    1.5    1.5   77.8 1003.8 1008.1   25.6
202607221402   763  227.3    1.9  219.5    5.3  250.4    1.0   29.4  -99.9    1.0    1.0    2.5    2.5   79.2 1003.9 1008.2   25.4
202607221403   763  238.7    0.9  191.3    2.1  245.5    1.1   28.5  -99.9    2.5    2.5    4.0    4.0   76.8 1004.0 1008.3   24.0
202607221404   763  243.2    1.0  205.5    2.3  243.1    1.1   27.6  -99.9    4.5    4.5    6.0    6.0   80.2 1004.0 1008.3   23.9
202607221405   763  226.7    1.3  197.0    2.4  243.4    1.2   26.9  -99.9    6.5    6.5    8.0    8.0   82.0 1004.0 1008.3   23.6
202607221406   763  243.6    0.9  211.1    2.0  243.7    1.2   26.4  -99.9    9.0    9.0   10.5   10.5   83.7 1004.2 1008.5   23.4
202607221407   763  284.8    0.5  191.3    1.1  245.3    1.2   26.0  -99.9   10.5   10.5   12.0   12.0   84.7 1004.2 1008.5   23.2
202607221408   763  270.4    0.6  213.8    1.2  247.9    1.1   25.8  -99.9   11.0   11.0   12.5   12.5   86.8 1004.2 1008.5   23.4
202607221409   763  281.1    0.3  213.8    0.9  250.5    1.1   25.7  -99.9   12.0   12.0   13.5   13.5   89.6 1004.2 1008.5   23.9
202607221410   763  255.3    0.7  222.3    1.2  250.8    1.0   25.7  -99.9   13.5   13.5   15.0   15.0   91.1 1004.2 1008.5   24.1
202607221411   763  225.1    1.8  253.3    3.6  249.4    1.0   25.7  -99.9   15.0   15.0   16.5   16.5   92.2 1004.3 1008.6   24.3
202607221412   763  246.1    0.4  180.0    1.9  251.3    0.8   25.6  -99.9   16.0   16.0   17.5   17.5   92.6 1004.2 1008.5   24.3
202607221413   763  266.0    0.6  267.3    1.2  254.2    0.8   25.5  -99.9   17.0   17.0   18.5   18.5   93.0 1004.1 1008.4   24.3
202607221414   763  247.0    0.6  225.1    1.2  254.6    0.8   25.4  -99.9   18.0   18.0   19.5   19.5   93.2 1004.2 1008.5   24.2
202607221415   763  246.9    0.8  188.6    1.9  256.6    0.7   25.4  -99.9   19.0   19.0   20.5   20.5   94.1 1004.2 1008.5   24.4
202607221416   763  249.7    0.7  222.3    2.1  257.2    0.7   25.3  -99.9   20.0   20.0   21.5   21.5   94.5 1004.2 1008.5   24.4
202607221417   763  256.8    0.6  264.6    1.3  254.5    0.7   25.3  -99.9   20.0   21.0   22.5   22.5   94.7 1004.1 1008.4   24.4
202607221418   763  230.7    0.6  228.0    1.4  250.4    0.7   25.2  -99.9   19.0   21.5   23.0   23.0   95.3 1004.1 1008.4   24.4
202607221419   763  260.9    0.7  211.1    1.2  248.5    0.8   25.3  -99.9   17.0   21.5   23.0   23.0   96.0 1004.1 1008.4   24.6
202607221420   763  298.3    0.1  264.6    0.7  252.4    0.7   25.3  -99.9   16.0   22.5   24.0   24.0   96.3 1004.1 1008.4   24.7
202607221421   763  230.6    0.1  191.3    0.4  252.9    0.5   25.3  -99.9   14.0   23.0   24.5   24.5   96.6 1004.1 1008.4   24.7
202607221422   763    0.0    0.0  180.0    0.0  253.7    0.5   25.3  -99.9   13.0   23.5   25.0   25.0   96.9 1004.0 1008.3   24.8
202607221423   763  322.8    0.0  323.7    0.2  252.1    0.4   25.3  -99.9   13.5   24.5   26.0   26.0   97.0 1003.9 1008.2   24.8
202607221424   763  278.5    0.8  261.7    1.4  256.2    0.4   25.3  -99.9   13.0   25.0   26.5   26.5   97.1 1003.8 1008.1   24.8
202607221425   763  275.5    1.2  267.3    1.6  260.0    0.5   25.3  -99.9   11.5   25.0   26.5   26.5   97.5 1003.7 1008.0   24.9
202607221426   763  304.6    0.2  281.5    0.6  267.1    0.4   25.4  -99.9   10.0   25.0   26.5   26.5   98.0 1003.7 1008.0   25.1
202607221427   763  322.4    0.1  315.2    0.4  275.4    0.4   25.4  -99.9    9.0   25.0   26.5   26.5   98.2 1003.7 1008.0   25.1
202607221428   763  298.9    0.2  326.5    0.5  284.3    0.3   25.5  -99.9    8.5   25.5   27.0   27.0   98.2 1003.7 1008.0   25.2
202607221429   763  337.3    0.1  301.2    0.5  294.2    0.3   25.5  -99.9    7.5   25.5   27.0   27.0   98.1 1003.7 1008.0   25.2
202607221430   763  341.2    0.2  320.8    0.4  299.9    0.3   25.5  -99.9    6.5   25.5   27.0   27.0   98.1 1003.7 1008.0   25.2
202607221431   763  341.7    0.0  315.2    0.4  308.3    0.3   25.5  -99.9    5.5   25.5   27.0   27.0   98.1 1003.6 1007.9   25.2
202607221432   763    0.0    0.0  351.7    0.0  308.3    0.3   25.6  -99.9    4.5   25.5   27.0   27.0   98.4 1003.6 1007.9   25.3
202607221433   763  285.6    0.1  315.2    0.3  305.3    0.3   25.6  -99.9    4.0   25.5   27.0   27.0   98.3 1003.6 1007.9   25.3
202607221434   763    0.0    0.0  295.5    0.0  309.3    0.2   25.7  -99.9    4.0   25.5   27.0   27.0   98.6 1003.5 1007.8   25.5
202607221435   763    0.0    0.0  326.5    0.0  315.0    0.1   25.9  -99.9    3.0   25.5   27.0   27.0   99.1 1003.5 1007.8   25.7
202607221436   763  315.4    0.0  256.1    0.6  317.2    0.1   26.0  -99.9    2.5   25.5   27.0   27.0   99.1 1003.5 1007.8   25.8
202607221437   763  304.3    0.0  304.0    0.4  315.8    0.1   26.1  -99.9    2.0   25.5   27.0   27.0   98.7 1003.4 1007.7   25.9
202607221438   763  294.0    0.0  247.6    0.0  322.0    0.0   26.2  -99.9    1.0   25.5   27.0   27.0   98.7 1003.4 1007.7   26.0
202607221439   763  292.5    0.0  205.5    0.2  313.4    0.0   26.4  -99.9    0.5   25.5   27.0   27.0   98.7 1003.4 1007.7   26.2
202607221440   763  291.0    0.0  216.6    0.3  285.6    0.0   26.7  -99.9    0.5   25.5   27.0   27.0   98.4 1003.4 1007.7   26.4
202607221441   763  286.9    0.1  275.7    0.3  -99.9  -99.9   26.9  -99.9  -99.9   25.5   27.0   27.0   97.8 1003.4 1007.7   26.5
202607221442   763  305.6    0.0  332.1    0.1  -99.9  -99.9   27.1  -99.9  -99.9   25.5   27.0   27.0   97.4 1003.4 1007.7   26.7
202607221443   763  287.4    0.1  253.3    0.4  -99.9  -99.9   27.2  -99.9  -99.9   25.5   27.0   27.0   97.2 1003.4 1007.7   26.7
202607221444   763  286.2    0.0  211.1    0.2  -99.9  -99.9   27.4  -99.9  -99.9   25.5   27.0   27.0   97.1 1003.3 1007.6   26.9
202607221445   763  332.2    0.0  256.1    0.1  -99.9  -99.9   27.5  -99.9  -99.9   25.5   27.0   27.0   96.2 1003.3 1007.6   26.8
202607221446   763  306.2    0.1  284.2    0.4  -99.9  -99.9   27.5  -99.9  -99.9   25.5   27.0   27.0   94.8 1003.3 1007.6   26.6
202607221447   763  276.8    0.0  182.8    0.5  -99.9  -99.9   27.6  -99.9  -99.9   25.5   27.0   27.0   94.9 1003.3 1007.6   26.7
202607221448   763  319.4    0.0  202.6    0.5  293.5    0.0   27.8  -99.9  -99.9   25.5   27.0   27.0   94.3 1003.3 1007.6   26.8
202607221449   763  295.7    0.0  281.5    0.2  293.5    0.0   27.9  -99.9  -99.9   25.5   27.0   27.0   92.9 1003.2 1007.5   26.6
202607221450   763  308.4    0.0  337.7    0.2  293.5    0.0   27.9  -99.9  -99.9   25.5   27.0   27.0   91.9 1003.2 1007.5   26.5
202607221451   763  335.5    0.0  301.2    0.1  296.8    0.0   28.0  -99.9  -99.9   25.5   27.0   27.0   91.4 1003.2 1007.5   26.5
202607221452   763  337.1    0.0  354.6    0.4  296.8    0.0   28.1  -99.9  -99.9   25.5   27.0   27.0   92.0 1003.2 1007.5   26.7
202607221453   763  271.0    0.1  199.8    0.4  288.6    0.0   28.2  -99.9    0.0   25.5   27.0   27.0   91.5 1003.2 1007.5   26.7
202607221454   763  250.4    0.9  273.0    1.9  275.7    0.1   28.3  -99.9    0.0   25.5   27.0   27.0   90.8 1003.2 1007.5   26.7
202607221455   763  211.5    0.3  233.6    1.0  259.9    0.1   28.4  -99.9    0.0   25.5   27.0   27.0   89.3 1003.2 1007.5   26.5
202607221456   763  278.7    0.1  205.5    0.8  253.6    0.1   28.4  -99.9    0.0   25.5   27.0   27.0   89.2 1003.2 1007.5   26.5
202607221457   763  264.3    0.2  236.3    0.6  255.9    0.2   28.5  -99.9    0.0   25.5   27.0   27.0   88.5 1003.2 1007.5   26.4
202607221458   763  318.6    0.1  213.8    0.4  265.9    0.2   28.6  -99.9    0.0   25.5   27.0   27.0   88.1 1003.2 1007.5   26.4
202607221459   763  288.6    0.0  213.8    0.2  265.9    0.2   28.8  -99.9    0.0   25.5   27.0   27.0   87.7 1003.2 1007.5   26.6
202607221500   763  301.6    0.1  258.8    0.6  271.5    0.2   28.8  -99.9    0.0   25.5   27.0   27.0   85.0 1003.2 1007.5   26.0
202607221501   763  325.4    0.0  222.3    0.2  271.5    0.2   28.8  -99.9    0.0   25.5   27.0   27.0   85.0 1003.2 1007.5   26.0
202607221502   763  305.9    0.1  233.6    0.8  276.3    0.2   28.9  -99.9    0.0   24.5   27.0   27.0   86.6 1003.2 1007.5   26.4
202607221503   763  251.1    0.2  225.1    0.9  273.4    0.2   29.0  -99.9    0.0   23.0   27.0   27.0   86.4 1003.2 1007.5   26.5
202607221504   763  328.7    0.0  242.0    0.1  277.3    0.1   29.1  -99.9    0.0   21.0   27.0   27.0   85.0 1003.2 1007.5   26.3
202607221505   763  320.6    0.0  354.6    0.3  286.8    0.1   29.1  -99.9    0.0   19.0   27.0   27.0   83.2 1003.3 1007.6   26.0
202607221506   763  257.9    0.7  222.3    2.2  283.2    0.1   29.2  -99.9    0.0   16.5   27.0   27.0   81.7 1003.3 1007.6   25.8
202607221507   763  252.8    0.4  213.8    1.2  281.2    0.2   29.3  -99.9    0.0   15.0   27.0   27.0   81.9 1003.2 1007.5   25.9
202607221508   763  329.4    0.0  228.0    0.8  273.5    0.2   29.3  -99.9    0.0   15.0   27.0   27.0   82.1 1003.2 1007.5   25.9
202607221509   763  228.6    0.6  222.3    1.6  265.9    0.2   29.3  -99.9    0.0   15.0   27.0   27.0   81.9 1003.2 1007.5   25.9
202607221510   763  302.6    0.0  250.5    0.2  258.5    0.2   29.4  -99.9    0.0   15.0   27.0   27.0   83.3 1003.2 1007.5   26.3
202607221511   763  273.7    0.5  290.0    1.3  261.2    0.3   29.4  -99.9    0.0  -99.9   27.0   27.0   83.4 1003.3 1007.6   26.3
202607221512   763  272.6    0.8  281.5    1.5  256.2    0.3   29.6  -99.9    0.0  -99.9   27.0   27.0   83.7 1003.3 1007.6   26.6
202607221513   763  234.4    0.6  202.6    1.3  253.4    0.4   29.9  -99.9    0.0  -99.9   27.0   27.0   86.4 1003.3 1007.6   27.4
202607221514   763  248.5    0.7  225.1    1.6  252.7    0.4   30.1  -99.9    0.0  -99.9   27.0   27.0   84.2 1003.3 1007.6   27.1
202607221515   763  276.9    0.8  267.3    1.1  255.7    0.5   30.1  -99.9    0.0  -99.9   27.0   27.0   79.9 1003.2 1007.5   26.3
202607221516   763  276.6    1.1  236.3    2.0  258.1    0.6   30.3  -99.9    0.0  -99.9   27.0   27.0   79.8 1003.3 1007.6   26.4
202607221517   763  262.8    1.1  281.5    2.0  259.5    0.6   30.2  -99.9    0.0  -99.9   27.0   27.0   80.3 1003.3 1007.6   26.4
202607221518   763  301.1    0.5  250.5    1.8  264.0    0.7   30.1  -99.9    0.0  -99.9   27.0   27.0   80.6 1003.3 1007.6   26.4
202607221519   763  286.2    0.1  256.1    0.5  270.4    0.6   29.9  -99.9    0.0  -99.9   27.0   27.0   80.0 1003.3 1007.6   26.1
202607221520   763    0.0    0.0  320.8    0.0  270.4    0.6   29.7  -99.9    0.0  -99.9   27.0   27.0   81.0 1003.3 1007.6   26.1
202607221521   763  313.9    0.9  323.7    2.2  274.8    0.7   29.7  -99.9    0.0  -99.9   27.0   27.0   81.4 1003.3 1007.6   26.2
202607221522   763  313.1    1.3  301.2    1.8  279.5    0.7   29.6  -99.9    0.0  -99.9   27.0   27.0   80.2 1003.2 1007.5   25.8
202607221523   763  330.7    0.6  349.0    1.6  290.0    0.7   29.5  -99.9    0.0  -99.9   27.0   27.0   81.0 1003.2 1007.5   25.9
202607221524   763  319.4    0.7  332.1    1.2  297.9    0.7   29.5  -99.9    0.0  -99.9   26.5   27.0   82.0 1003.2 1007.5   26.1
202607221525   763  335.6    0.2  326.5    1.0  304.6    0.7   29.4  -99.9    0.0  -99.9   26.5   27.0   82.0 1003.2 1007.5   26.0
202607221526   763  334.5    0.5  357.5    1.6  311.3    0.6   29.4  -99.9    0.0  -99.9   26.5   27.0   83.2 1003.2 1007.5   26.3
202607221527   763  337.1    0.9  340.6    1.8  319.2    0.6   29.3  -99.9    0.0  -99.9   26.5   27.0   82.8 1003.2 1007.5   26.1
202607221528   763  328.6    0.8  323.7    1.0  322.3    0.6   29.3  -99.9    0.0  -99.9   26.5   27.0   82.7 1003.2 1007.5   26.1
202607221529   763  316.5    0.9  309.6    1.5  325.5    0.7   29.3  -99.9    0.0  -99.9   26.5   27.0   83.7 1003.2 1007.5   26.3
202607221530   763  316.8    1.0  332.1    1.4  324.6    0.8   29.2  -99.9    0.0  -99.9   26.5   27.0   84.8 1003.1 1007.4   26.4
202607221531   763  324.8    0.2  315.2    0.8  325.7    0.7   29.0  -99.9    0.0  -99.9   26.5   27.0   84.7 1003.1 1007.4   26.2
202607221532   763  333.3    0.0  357.5    0.0  327.1    0.6   29.0  -99.9    0.0  -99.9   26.5   27.0   85.1 1003.1 1007.4   26.2
202607221533   763  338.7    0.4  340.6    1.3  328.0    0.6   29.2  -99.9    0.0  -99.9   26.5   27.0   88.1 1003.1 1007.4   27.0
202607221534   763  332.1    0.2  349.0    1.0  329.4    0.5   29.6  -99.9    0.0  -99.9   26.5   27.0   88.5 1003.1 1007.4   27.5
202607221535   763  328.7    0.3  301.2    1.0  328.7    0.5   29.7  -99.9    0.0  -99.9   26.5   27.0   84.9 1003.1 1007.4   26.9
202607221536   763  306.4    0.8  315.2    1.0  325.5    0.6   29.7  -99.9    0.0  -99.9   26.5   27.0   85.5 1003.1 1007.4   27.0
202607221537   763  265.6    0.7  205.5    2.6  318.3    0.5   29.8  -99.9    0.0  -99.9   26.5   27.0   82.6 1003.2 1007.5   26.5
202607221538   763  229.4    1.3  211.1    2.5  309.4    0.6   29.7  -99.9    0.0    0.0   26.5   27.0   82.5 1003.2 1007.5   26.4
202607221539   763  -99.9  -99.9  -99.9  -99.9  -99.9  -99.9  -99.9  -99.9  -99.9  -99.9  -99.9  -99.9  -99.9  -99.9  -99.9  -99.9
202607221540   763  -99.9  -99.9  -99.9  -99.9  -99.9  -99.9  -99.9  -99.9  -99.9  -99.9  -99.9  -99.9  -99.9  -99.9  -99.9  -99.9
202607221541   763  266.2    1.3  267.3    2.0  -99.9  -99.9   29.3  -99.9  -99.9  -99.9   26.5   27.0   84.2 1003.2 1007.5   26.4
202607221542   763  280.4    1.5  258.8    2.5  -99.9  -99.9   29.4  -99.9  -99.9    0.0   26.5   27.0   83.6 1003.2 1007.5   26.3
202607221543   763  283.1    1.5  264.6    2.2  -99.9  -99.9   29.4  -99.9    0.0    0.0   26.5   27.0   82.2 1003.2 1007.5   26.0
202607221544   763  290.4    1.1  298.2    2.3  281.4    1.1   29.4  -99.9    0.0    0.0   26.5   27.0   82.4 1003.1 1007.4   26.1
202607221545   763  270.9    1.5  261.7    1.8  274.4    1.2   29.4  -99.9    0.0    0.0   26.5   27.0   82.3 1003.1 1007.4   26.1
202607221546   763  271.6    1.2  253.3    1.8  270.0    1.3   29.4  -99.9    0.0    0.0   26.5   27.0   82.4 1003.1 1007.4   26.1
202607221547   763  262.5    0.6  267.3    1.4  269.6    1.3   29.4  -99.9    0.0    0.0   26.5   27.0   83.4 1003.1 1007.4   26.3
202607221548   763  277.6    0.9  301.2    1.5  275.3    1.2   29.6  -99.9    0.0    0.0   26.5   27.0   83.9 1003.1 1007.4   26.6
202607221549   763  284.3    0.3  199.8    0.7  276.3    1.1   29.8  -99.9    0.0    0.0   26.5   27.0   85.1 1003.1 1007.4   27.0
202607221550   763  285.1    0.6  292.7    1.5  277.2    1.1   30.1  -99.9    0.0    0.0   26.5   27.0   83.4 1003.1 1007.4   27.0
202607221551   763  269.9    0.7  247.6    1.2  277.6    1.0   30.1  -99.9    0.0    0.0   26.5   27.0   81.0 1003.1 1007.4   26.5
202607221552   763  284.9    0.6  281.5    1.1  278.0    0.9   30.3  -99.9    0.0    0.0   26.5   27.0   82.7 1003.1 1007.4   27.0
202607221553   763  303.6    1.1  301.2    1.7  280.0    0.9   30.3  -99.9    0.0    0.0   26.5   27.0   80.9 1003.1 1007.4   26.7
202607221554   763  299.4    0.9  278.6    1.2  280.9    0.8   30.4  -99.9    0.0    0.0   26.5   27.0   81.8 1003.1 1007.3   26.9
202607221555   763  307.4    0.5  304.0    0.9  284.6    0.7   30.6  -99.9    0.0    0.0   26.5   27.0   81.8 1003.1 1007.3   27.1
202607221556   763  288.4    1.9  278.6    2.7  286.3    0.8   30.6  -99.9    0.0    0.0   26.5   27.0   79.9 1003.1 1007.3   26.7
202607221557   763  285.4    1.2  304.0    2.4  288.6    0.9   30.4  -99.9    0.0    0.0   26.5   27.0   77.7 1003.1 1007.3   26.1
202607221558   763  282.3    1.3  258.8    2.2  289.1    0.9   30.4  -99.9    0.0    0.0   26.5   27.0   78.9 1003.1 1007.3   26.3
202607221559   763  286.6    1.7  273.0    2.3  289.3    1.1   30.4  -99.9    0.0    0.0   26.5   27.0   79.1 1003.1 1007.3   26.4
202607221600   763  288.9    1.0  267.3    2.0  289.7    1.1   30.3  -99.9    0.0    0.0   26.5   27.0   78.2 1003.0 1007.3   26.1
202607221601   763  274.8    1.6  264.6    2.3  290.2    1.2   30.2  -99.9    0.0    0.0   26.5   27.0   78.6 1003.0 1007.3   26.1
202607221602   763  249.8    1.5  225.1    2.3  286.8    1.3   30.3  -99.9    0.0    0.0   26.5   27.0   79.2 1003.0 1007.3   26.3
202607221603   763  259.5    1.3  250.5    2.0  282.4    1.3   30.4  -99.9    0.0    0.0   26.5   27.0   78.1 1003.0 1007.2   26.2
202607221604   763  284.4    0.9  236.3    1.2  280.8    1.3   30.5  -99.9    0.0    0.0   26.5   27.0   77.8 1003.0 1007.2   26.2
202607221605   763  271.6    2.3  290.0    3.8  277.3    1.5   30.4  -99.9    0.0    0.0   26.5   27.0   75.6 1003.0 1007.2   25.6
202607221606   763  295.6    1.4  281.5    2.1  278.0    1.4   30.2  -99.9    0.0    0.0   26.5   27.0   76.2 1003.0 1007.3   25.5
202607221607   763  285.8    1.3  261.7    1.7  278.0    1.4   30.1  -99.9    0.0    0.0   26.5   27.0   77.3 1002.9 1007.2   25.7
202607221608   763  292.7    0.7  295.5    1.1  279.1    1.4   30.1  -99.9    0.0    0.0   26.5   27.0   77.6 1002.9 1007.2   25.8
202607221609   763  309.6    0.4  287.1    0.9  281.3    1.2   30.1  -99.9    0.0    0.0   26.5   27.0   78.6 1002.9 1007.2   26.0
202607221610   763  328.8    0.1  320.8    0.5  285.1    1.2   30.1  -99.9    0.0    0.0   26.5   27.0   79.0 1002.9 1007.2   26.1
202607221611   763  278.3    0.4  216.6    1.0  285.5    1.0   30.0  -99.9    0.0    0.0   26.5   27.0   79.9 1002.9 1007.2   26.2
202607221612   763  248.4    1.0  244.8    1.6  285.3    1.0   29.8  -99.9    0.0    0.0   26.5   27.0   79.7 1002.9 1007.2   25.9
202607221613   763  238.3    0.4  180.0    0.6  283.5    0.9   29.8  -99.9    0.0    0.0   26.5   27.0   79.3 1002.9 1007.2   25.8
202607221614   763  262.2    0.9  273.0    1.5  281.1    0.9   29.6  -99.9    1.0    1.0   27.5   28.0   81.5 1002.9 1007.2   26.1
202607221615   763  264.4    0.7  258.8    1.6  280.3    0.7   29.3  -99.9    1.5    1.5   28.0   28.5   82.9 1002.8 1007.1   26.1
202607221616   763  247.5    0.4  188.6    0.6  275.1    0.6   28.8  -99.9    1.5    1.5   28.0   28.5   84.8 1002.8 1007.1   26.0
202607221617   763  222.9    0.5  225.1    0.8  268.5    0.6   28.4  -99.9    1.5    1.5   28.0   28.5   86.0 1002.8 1007.1   25.8
202607221618   763  233.5    0.3  244.8    1.2  261.9    0.5   28.0  -99.9    2.0    2.0   28.5   29.0   86.8 1002.8 1007.1   25.6
202607221619   763  241.1    0.8  199.8    1.6  254.8    0.6   27.7  -99.9    2.0    2.0   28.5   29.0   87.5 1002.8 1007.1   25.4
202607221620   763  226.2    0.1  208.3    0.4  246.2    0.6   27.6  -99.9    2.0    2.0   28.5   29.0   89.4 1002.8 1007.1   25.7
202607221621   763  285.9    0.1  267.3    1.0  246.8    0.5   27.8  -99.9    2.0    2.0   28.5   29.0   89.5 1002.8 1007.1   25.9
202607221622   763    0.0    0.0  211.1    0.1  246.6    0.4   28.0  -99.9    2.0    2.0   28.5   29.0   89.1 1002.8 1007.1   26.0
202607221623   763  240.1    0.2  261.7    0.9  246.9    0.4   28.0  -99.9    2.0    2.0   28.5   29.0   89.8 1002.8 1007.1   26.2
202607221624   763  228.1    0.4  197.0    0.9  242.9    0.4   27.9  -99.9    2.5    2.5   29.0   29.5   90.9 1002.8 1007.1   26.3
202607221625   763  244.4    0.4  253.3    1.1  240.6    0.3   27.8  -99.9    2.5    2.5   29.0   29.5   91.3 1002.8 1007.1   26.3
202607221626   763  303.9    0.0  275.7    0.1  239.7    0.3   27.7  -99.9    2.5    2.5   29.0   29.5   91.4 1002.8 1007.1   26.2
202607221627   763  276.8    0.3  219.5    1.1  246.6    0.3   27.6  -99.9    2.5    2.5   29.0   29.5   92.1 1002.8 1007.1   26.2
202607221628   763  291.9    0.2  334.8    2.3  254.0    0.3   27.6  -99.9    2.5    2.5   29.0   29.5   92.7 1002.8 1007.1   26.3
202607221629   763  268.0    0.6  202.6    1.9  257.6    0.2   27.6  -99.9    1.5    2.5   29.0   29.5   92.8 1002.7 1007.0   26.3
202607221630   763  280.4    0.7  301.2    1.7  264.7    0.3   27.6  -99.9    1.0    2.5   29.0   29.5   92.4 1002.7 1007.0   26.3
202607221631   763  251.2    0.8  278.6    1.7  260.1    0.4   27.6  -99.9    1.0    2.5   29.0   29.5   92.4 1002.7 1007.0   26.3
202607221632   763  264.4    0.4  292.7    0.9  260.6    0.4   27.6  -99.9    1.0    2.5   29.0   29.5   92.4 1002.7 1007.0   26.3
202607221633   763  278.2    0.1  242.0    0.4  265.0    0.4   27.6  -99.9    0.5    2.5   29.0   29.5   92.8 1002.7 1007.0   26.3
202607221634   763  258.3    0.4  233.6    1.0  268.2    0.4   27.5  -99.9    0.5    2.5   29.0   29.5   93.3 1002.8 1007.1   26.3
202607221635   763  275.3    0.1  216.6    0.4  271.6    0.4   27.5  -99.9    0.5    2.5   29.0   29.5   93.9 1002.9 1007.2   26.4
#7777END
